symbol,train_events,calendar_observations,active_calendar_observations,maximum_concurrency,mean_concurrency_on_active_observations,minimum_raw_average_uniqueness,mean_raw_average_uniqueness,maximum_raw_average_uniqueness,validation_events_used
آ س پ,417,1538,893,31,12.478163493840986,0.033045079957417095,0.08838037265957065,1.0000000000000002,0
آباد,325,1594,594,29,11.580808080808081,0.0375736670736714,0.09839014534057755,0.6428571428571429,0
آسيا,261,1570,738,25,8.53929539295393,0.05037381034285039,0.12908817796246588,0.6499999999999998,0
آينده,284,1173,481,31,10.544698544698544,0.042947686099248886,0.11595340763922156,1.0,0
آپ,151,1022,318,30,8.39622641509434,0.03478014960773521,0.13741178796844936,0.7607526881720431,0
اتكام,381,1110,589,31,16.412563667232597,0.0323274366978834,0.06847892051937025,0.38945578231292394,0
اتكاي,315,1417,584,31,14.053082191780822,0.03229275060700564,0.07421558559225006,1.0,0
اخابر,413,1488,684,31,16.56140350877193,0.032258064516129004,0.06156074891822111,0.9838709677419355,0
ارفع,351,1540,607,31,12.347611202635914,0.03230286738351159,0.09346983390703538,1.0000000000000004,0
اعتلا,336,1585,708,30,11.415254237288135,0.03371765218261153,0.0986809016230586,1.0,0
افرا,188,1499,540,31,7.772222222222222,0.03598791442999646,0.14106257740753494,1.0,0
البرز,282,1548,880,27,8.018181818181818,0.03884615384615131,0.12788682459897616,0.967741935483871,0
اميد,34,723,121,13,4.859504132231405,0.0801282051282044,0.20062990384911097,1.0,0
اوان,91,831,240,23,7.1125,0.049816029317211505,0.1662069509837736,1.0,0
اپرداز,156,1008,363,24,9.848484848484848,0.05156719112837148,0.12934279716933014,0.8181818181818182,0
بالبر,274,1477,573,28,10.078534031413612,0.037883847997719385,0.10686677654848296,1.0,0
بترانس,377,1575,799,31,12.216520650813516,0.032258064516128115,0.09650665615950595,1.0,0
بركت,84,935,196,29,10.301020408163266,0.03701234634732182,0.13171588679846677,0.6428571428571429,0
بساما,281,1416,487,31,9.983572895277208,0.03552755879229737,0.11026562038026558,1.0,0
بسويچ,254,1514,551,31,10.539019963702358,0.032960697070820014,0.10894355735722357,1.0,0
بشهاب,161,1504,520,20,6.953846153846154,0.06054745893830078,0.17690537296890282,1.0000000000000018,0
بفجر,136,1146,383,23,9.195822454308095,0.04764451610985852,0.124740035308808,1.0,0
بكاب,259,1492,604,31,8.02317880794702,0.034807265804762635,0.1415278226863848,1.0,0
بكام,276,1451,523,31,11.866156787762906,0.032258064516128115,0.0999307534082655,0.6593406593406581,0
بكهنوج,305,983,520,31,14.982692307692307,0.032505651440667936,0.07127007274345763,0.43055555555555475,0
بموتو,299,1525,648,30,12.455246913580247,0.03618990373073858,0.08896418607313794,0.5751280081925243,0
بمپنا,357,1581,762,30,10.526246719160104,0.03472906403941352,0.09646699424074852,1.0,0
بنيرو,338,1551,644,31,12.753105590062113,0.032258064516128115,0.08896171272966276,0.5844907407407406,0
بهپاك,227,1446,459,27,9.154684095860567,0.03964743589743591,0.12820323913332468,1.0,0
بورس,113,887,204,31,10.0,0.03237185634101744,0.14472453892187329,1.0,0
بپاس,162,1295,338,31,13.334319526627219,0.03515480692541252,0.0852029173134458,0.6446236559139782,0
تابا,138,973,290,27,7.268965517241379,0.04009646352037732,0.14663624719893076,0.5333333333333333,0
تايرا,271,1547,581,31,10.984509466437178,0.032258064516128115,0.10167938888799886,1.0,0
تاپيكو,413,1501,759,31,13.866930171277998,0.032258064516128115,0.08664182639191786,0.6666666666666666,0
تبرك,106,682,180,30,9.844444444444445,0.03710563064011296,0.11239792985583,1.0,0
تشتاد,134,886,283,22,8.809187279151944,0.05464215603409723,0.14775020144952258,1.0,0
تكشا,245,1548,559,27,9.005366726296959,0.04055129925396433,0.13703965198118132,1.0,0
تكمبا,294,1544,599,31,12.298831385642737,0.03300944285569989,0.09228856696535175,0.4502525252525244,0
تكنار,131,1072,273,27,5.333333333333333,0.03798670465336803,0.21345399066611198,1.0,0
تكنو,248,1560,647,31,8.795981452859351,0.043726851755324224,0.14068561589803835,1.0000000000000002,0
تليسه,121,1006,354,23,8.124293785310735,0.04553532216575699,0.13164580843777246,1.0,0
تمحركه,287,1433,596,26,10.40268456375839,0.041666666666671404,0.1137995156641278,1.0,0
توريل,350,1565,667,31,13.539730134932533,0.03261449400169674,0.0900294180883328,1.0,0
تيپيكو,404,1610,727,31,15.169188445667125,0.032258064516128115,0.07112210972585957,1.0,0
تپكو,331,1297,634,31,9.512618296529968,0.03369465695065494,0.11605624989265244,1.0,0
تپمپي,232,1422,493,28,10.476673427991887,0.0382198819698818,0.1038310372511371,0.8571428571428571,0
تپولا,53,684,116,17,4.991379310344827,0.06722689075630228,0.2298134730095978,1.0,0
ثاخت,399,1551,831,31,11.989169675090253,0.034792154599876265,0.09379665047479993,0.5833333333333334,0
ثاصفا,65,911,133,15,5.37593984962406,0.07061457061457332,0.22833913743613848,1.0,0
ثالوند,150,1076,434,31,7.023041474654378,0.03894650258916861,0.1663663979255386,0.8,0
ثامان,427,1555,832,31,12.555288461538462,0.032258064516128115,0.09242611725148063,1.0,0
ثاژن,212,1317,474,27,10.415611814345992,0.042888120333770395,0.1027955277637076,1.0,0
ثباغ,414,1611,758,31,14.034300791556728,0.032258064516128115,0.0817824389850059,1.0000000000000004,0
ثتوسا,134,956,239,25,8.04602510460251,0.04759575664609956,0.13542205835295892,1.0,0
ثرود,327,1483,780,31,9.967948717948717,0.033448275862066626,0.10444234279182533,0.7291666666666666,0
ثشاهد,305,1611,848,30,9.754716981132075,0.041992299049428444,0.11046852189881559,0.6241666666666663,0
ثشرق,315,1569,660,31,10.915151515151516,0.032258064516128115,0.0962803471728891,0.5161290322580645,0
ثعتما,156,882,252,29,8.412698412698413,0.035334184759472365,0.12609805592347412,0.6111111111111112,0
ثعمرا,297,1530,694,29,9.855907780979827,0.03534056064645662,0.11761929536883901,1.0,0
ثغرب,332,1580,690,31,11.621739130434783,0.032533061426274656,0.09297115497458519,1.0000000000000002,0
ثفارس,305,1575,702,25,10.404558404558404,0.04340725426980942,0.10291390025867803,0.44285714285714306,0
ثقزوي,229,1128,417,31,9.326139088729017,0.03481590094493233,0.12148003932174055,1.0,0
ثمسكن,511,1604,1008,31,13.68452380952381,0.03335964691951678,0.08190353889160978,1.0,0
ثنام,126,895,217,23,8.539170506912443,0.05256794241053556,0.1191156915043057,0.9999999999999994,0
ثنظام,67,919,180,21,5.277777777777778,0.055821315767136136,0.23249415379314992,1.0000000000000002,0
ثنور,118,810,222,26,10.454954954954955,0.0419776117602213,0.11229391546943507,1.0,0
ثنوسا,249,1506,567,29,8.45679012345679,0.03948686497173655,0.14105769718076358,1.0,0
ثپرديس,180,1243,505,30,7.659405940594059,0.04215041107447599,0.1415902723886121,1.0,0
جم,360,1565,608,31,15.274671052631579,0.032258064516128115,0.07233341846392215,0.6666666666666679,0
جهرم,167,860,269,31,10.858736059479554,0.033866464738067696,0.12166262269223295,1.0,0
حآسا,119,772,214,31,15.462616822429906,0.032258064516129004,0.0757924801026256,0.3491732804232803,0
حبندر,138,930,248,24,9.028225806451612,0.04306653491436219,0.14721193463785012,0.8095238095238102,0
حتايد,225,1401,451,31,12.201773835920177,0.035558772362722466,0.09501187237423664,1.0,0
حتوكا,329,1604,714,27,10.515406162464986,0.03866809116809211,0.1052612330616815,1.0,0
حرهشا,124,908,224,20,7.053571428571429,0.05310672514620007,0.1738086546943536,1.0,0
حريل,201,1091,384,31,12.171875,0.03250981396142589,0.10198753436428146,1.0,0
حسير,142,878,273,31,13.772893772893774,0.03394711054610933,0.09960784630742259,1.0,0
حسينا,305,1490,560,31,12.128571428571428,0.03703703703703809,0.09621228546344421,1.0,0
حفارس,188,1327,379,31,8.356200527704486,0.03272948779066504,0.1414541311330351,1.0,0
حفاري,317,1466,677,31,10.248153618906942,0.03258806080830397,0.11425601869886806,1.0,0
حكشتي,353,1515,669,31,13.822122571001495,0.032258064516128115,0.0806765920675907,1.0,0
حپارسا,161,1071,423,31,7.773049645390071,0.032258064516128115,0.13908231421513856,1.0,0
حپترو,283,1601,696,25,9.058908045977011,0.04085748792269802,0.12052957800634301,1.0,0
خاذين,305,1533,640,29,10.49375,0.037393162393161816,0.11074829842662202,1.0,0
خاهن,177,1412,353,30,10.529745042492918,0.035453594936354395,0.12138652331684935,1.0,0
خبهمن,229,1575,566,29,9.349823321554771,0.03854820300472385,0.11924732441808897,1.0000000000000013,0
ختراك,376,1577,732,30,10.887978142076502,0.034906951286261645,0.10357833170097067,1.0,0
ختور,370,1550,798,31,10.680451127819548,0.032788131937979734,0.10454059265639866,1.0,0
ختوقا,317,1574,724,31,10.62292817679558,0.032533061426274656,0.11147444035538485,1.0,0
خديزل,310,1193,616,31,11.99025974025974,0.032887864823349364,0.08532855905892973,0.6007539241132125,0
خراسان,236,1610,541,30,11.497227356746766,0.03333333333333144,0.0920615321609729,0.7722222222222219,0
خريخت,253,1448,539,30,9.365491651205938,0.03689514183251124,0.11508602559912345,1.0,0
خرينگ,324,1567,663,31,10.236802413273,0.032340777502066834,0.11578237614941936,0.7612863327149039,0
خزاميا,423,1535,782,31,12.535805626598465,0.03550793801215487,0.09271175933168915,1.0,0
خزر,364,1532,710,31,10.690140845070422,0.03502756946189005,0.10150701350199363,0.9999999999999999,0
خساپا,360,1429,587,31,12.868824531516184,0.032258064516128115,0.08757439700419244,1.0,0
خشرق,372,1597,676,31,12.529585798816568,0.03340390158718406,0.08707942390721969,1.0,0
خفناور,349,1356,644,31,10.763975155279503,0.032258064516128115,0.11189439095557703,1.0,0
خفنر,205,1348,472,27,7.421610169491525,0.03849409849409798,0.1468695097612304,1.0,0
خفولا,66,641,173,13,4.884393063583815,0.0769230769230802,0.2104581496152477,0.6875,0
خكار,293,1535,602,30,11.29734219269103,0.03640107383949852,0.11080897459687035,1.0,0
خكاوه,364,1432,672,28,11.305059523809524,0.03718325193325196,0.11079942107775015,1.0,0
خكمك,290,1516,550,31,12.278181818181817,0.03326326991510407,0.09258710616751738,1.0,0
خلنت,358,1423,643,31,13.3950233281493,0.03418059062293347,0.08382142577235166,1.0,0
خمحركه,357,1587,724,31,9.972375690607734,0.03743505032769228,0.1068119910700543,1.0,0
خمحور,185,1546,477,26,5.951781970649895,0.04226597677683941,0.16001621284893447,1.0000000000000004,0
خمهر,400,1620,782,31,10.823529411764707,0.03454157092326276,0.10424690207660245,1.0,0
خموتور,303,1591,648,31,10.462962962962964,0.033811461798907975,0.11217611471608474,1.0,0
خنصير,250,1507,542,31,11.420664206642066,0.03261403964963382,0.08981655546125066,1.0000000000000002,0
خودرو,332,1534,768,27,10.24609375,0.03999999999999915,0.10489856842643368,1.0000000000000009,0
خودكفا,143,1105,319,22,7.623824451410658,0.04937119983559726,0.1540350841178178,1.0,0
خوساز,339,1468,603,31,11.980099502487562,0.0325008671522708,0.09689456106045023,1.0,0
خپارس,316,1511,702,31,10.97008547008547,0.0327736285467082,0.10675205932738245,1.0,0
خپويش,131,1126,316,27,10.677215189873417,0.04176836772909712,0.1121538471584536,0.6,0
خچرخش,284,1578,648,27,8.819444444444445,0.041664713336953534,0.12531636126051593,0.7218894009216591,0
خگستر,219,1534,618,30,6.826860841423948,0.034400656814448635,0.15805074512929318,1.0,0
دابور,285,1464,640,31,11.1234375,0.03225806451612989,0.10676391931997166,1.0,0
داراب,105,734,188,30,10.063829787234043,0.03362068965517251,0.10553396797961105,1.0,0
دارو,248,1524,611,30,10.559738134206219,0.034834623504571435,0.10347421519281946,1.0,0
داسوه,194,1557,525,27,9.036190476190477,0.04500752870318081,0.12358961710056898,1.0,0
دالبر,231,1596,451,31,13.19068736141907,0.03292188453119998,0.0852018467482887,0.625,0
دامين,364,1613,649,31,14.00462249614792,0.032258064516128115,0.07958670290346624,0.8978494623655917,0
دانا,301,1516,633,31,11.200631911532385,0.03312521678806628,0.09776125336127321,1.0,0
دبالك,201,1231,469,31,9.147121535181236,0.035493694158867585,0.11764532084915175,1.0,0
دتماد,202,1494,520,30,9.603846153846154,0.03662544303127847,0.12088959132430192,1.0,0
دتوليد,321,1572,763,31,11.43905635648755,0.03314873669156206,0.09631402256159056,1.0,0
دجابر,223,1589,472,31,13.057203389830509,0.03241167434715716,0.08433419665426103,0.6267409114183311,0
دحاوي,87,757,193,29,11.305699481865284,0.044291905420492536,0.10492535327881174,1.0000000000000004,0
ددام,185,1401,444,31,9.781531531531531,0.034919784528033626,0.12385763898744935,1.0,0
درازك,173,1558,514,25,8.82295719844358,0.045104157179893044,0.1294982576791632,0.6875,0
دروز,370,1331,635,31,14.78740157480315,0.032258064516128115,0.07801010752647117,1.0,0
دزهراوي,159,1484,373,28,9.67828418230563,0.036392619725952834,0.12298545864402136,1.0,0
دسانكو,131,1125,320,31,8.153125,0.03816996622207217,0.15184400985889163,0.9999999999999999,0
دسبحا,275,1594,614,31,11.80130293159609,0.03336230885624386,0.09011850533602478,0.967741935483871,0
دسبحان,202,1123,384,31,11.6171875,0.03288241415192359,0.0986694625097045,0.7600000000000009,0
دسينا,193,1554,531,31,8.843691148775894,0.032858560966510755,0.11721202488204809,1.0,0
دشيري,121,754,245,29,8.8,0.03882732565341342,0.14512063879243806,0.6111111111111107,0
دشيمي,345,1436,634,31,13.441640378548897,0.032258064516128115,0.08997623340964352,1.0,0
دعبيد,133,1327,371,30,7.862533692722372,0.04073866824497456,0.14423606464018668,1.0,0
دفارا,245,1453,493,31,12.204868154158214,0.03602771427413742,0.09168221621155931,1.0,0
دفرا,237,1377,525,30,11.356190476190477,0.03580328781478492,0.09542096354052583,1.0,0
دكوثر,256,1597,663,31,9.733031674208144,0.0326226671610416,0.10646690622529957,1.0,0
دكيمي,230,1598,558,28,11.35483870967742,0.03787961267127896,0.09816595718117697,1.0,0
دلر,342,1527,756,31,11.390211640211641,0.03282525899232628,0.09359676269351842,0.5625,0
دلقما,178,1531,396,30,10.123737373737374,0.04304340334276893,0.11864238938584452,1.0,0
دماوند,262,1142,572,31,11.685314685314685,0.033802716421396484,0.09852034323840501,1.0,0
دي,224,992,459,31,10.4400871459695,0.03554101658060574,0.1098541527983694,1.0,0
ديران,381,1575,726,31,12.274104683195592,0.032258064516128115,0.09121399137091724,1.0,0
دپارس,263,1533,578,30,10.69204152249135,0.033333333333333215,0.1069681651728554,1.0,0
ذوب,322,1506,637,31,10.593406593406593,0.03319490792238137,0.10840840040296369,1.0,0
رانفور,294,1638,589,31,14.052631578947368,0.032258064516128115,0.07969870381066338,1.0,0
رتاپ,450,1530,889,31,13.04949381327334,0.03279569892472978,0.08587646401433328,1.0,0
رتكو,361,1609,631,31,12.009508716323296,0.03570802042867676,0.09233928094378122,0.6923076923076901,0
ركيش,316,1475,572,31,14.015734265734265,0.03243149497051575,0.07633051227368076,1.0,0
رمپنا,351,1377,703,31,12.433854907539118,0.03346104725415068,0.0868056033926482,0.6612903225806451,0
ريشمك,103,811,253,23,6.237154150197629,0.056823324608683015,0.1641827628934666,1.0,0
زاگرس,210,1567,534,30,8.063670411985019,0.035429666119317936,0.12061276142082968,1.0,0
زبينا,44,609,116,10,4.818965517241379,0.10285714285714255,0.240547319496207,0.6111111111111107,0
زشگزا,71,717,144,22,8.659722222222221,0.04958039036986387,0.14111371273586595,0.6666666666666665,0
زقيام,35,623,85,11,3.9411764705882355,0.09579124579124532,0.2324211936632111,1.0,0
زمگسا,343,1582,739,31,11.619756427604871,0.03369874522543981,0.09315411200817424,1.0,0
زنجان,424,1509,756,31,10.670634920634921,0.03649864652533722,0.11093719478360074,1.0,0
زنگان,357,1614,683,31,11.891654465592973,0.03242306266221724,0.09986050242058588,0.8634615384615386,0
زگلدشت,115,1035,324,22,8.814814814814815,0.05035087222909714,0.11801523173655239,1.0,0
ساراب,359,1619,779,30,11.065468549422336,0.0344605475040238,0.10138930976664907,1.0,0
ساربيل,68,861,240,13,4.4125,0.08986661486661496,0.25285493265283543,1.0,0
ساروم,285,1441,618,31,10.954692556634305,0.03225806451612989,0.10155595984107282,1.0,0
سايرا,81,931,148,25,9.108108108108109,0.04378225348803915,0.14899614104580353,1.0,0
ساينا,152,1159,351,24,8.746438746438747,0.04607382374626593,0.12972430973082388,1.0,0
سبجنو,133,1122,341,22,7.328445747800586,0.05400908001527354,0.1578094235774287,1.0,0
سبزوا,271,1180,519,31,10.610789980732177,0.03279569892472978,0.11122038538636347,1.0,0
سبهان,380,1447,690,31,13.927536231884059,0.032258064516129004,0.08319597163482348,1.0000000000000009,0
ستران,304,1538,564,31,12.00886524822695,0.033028420381751154,0.09948368637447796,1.0,0
سخاش,99,1226,381,25,5.929133858267717,0.0417665788317881,0.17940994737761579,1.0,0
سخزر,113,1197,198,30,10.484848484848484,0.036202102618477956,0.10311034382263563,0.5625,0
سخواف,404,1456,690,31,12.544927536231883,0.032258064516128115,0.08832131696947151,0.7727272727272727,0
سخوز,188,1345,565,26,7.334513274336283,0.05055668565052111,0.1469818331326572,1.0000000000000002,0
سدبير,274,1437,610,30,9.278688524590164,0.0386203449120428,0.12810795193395283,1.0,0
سدشت,104,933,236,31,11.889830508474576,0.035128683483169124,0.08342632884327232,0.3392857142857135,0
سدور,246,1409,586,30,9.180887372013652,0.03478014960773521,0.11695123795671482,1.0,0
سرود,389,1587,649,31,14.508474576271187,0.03349753694581433,0.07555024256791185,0.48430735930735935,0
سرچشمه,193,1155,371,27,9.191374663072777,0.038202538202539736,0.1216182147339711,0.6666666666666666,0
سشرق,299,1549,591,31,11.83756345177665,0.03353674865076339,0.09569229987019628,1.0,0
سشمال,211,1489,525,31,9.293333333333333,0.033196305073267894,0.1186140556415191,0.7692307692307682,0
سصفها,153,999,252,31,13.329365079365079,0.03225806451612989,0.08764994228710622,1.0,0
سصوفي,263,1346,494,31,13.455465587044534,0.03509894115782371,0.08903039755963439,1.0,0
سغرب,483,1602,885,31,14.116384180790961,0.034191670398566416,0.07506728282898265,0.6815696649029982,0
سفار,140,809,273,31,11.743589743589743,0.04229596277858357,0.09871751114430902,1.0,0
سفارس,328,1609,733,30,9.914051841746248,0.034366773529334135,0.11779589678580618,1.0000000000000029,0
سفارود,222,1113,470,21,7.236170212765957,0.05387694950388648,0.15229581120378255,1.0,0
سفاسي,38,835,93,13,6.397849462365591,0.08416860916860891,0.1838496330614748,0.6081002331002329,0
سفانو,256,1404,580,30,11.827586206896552,0.03919981913017706,0.08903569279377684,1.0,0
سقاين,99,1365,267,29,7.46067415730337,0.04432698016655934,0.15614460818624668,1.0,0
سكارون,79,974,266,22,5.609022556390977,0.04823194349510231,0.16291776463758006,1.0,0
سكرد,221,1480,579,25,8.094991364421416,0.04672364416492414,0.12944175089179716,0.6358041958041969,0
سكرما,322,1565,632,31,12.098101265822784,0.03272948779066504,0.08673998340581578,1.0,0
سمازن,110,927,300,24,8.936666666666667,0.05093331365553614,0.14025500017393436,0.7083333333333334,0
سمايه,109,880,312,27,7.035256410256411,0.03962972816233782,0.17945759515942913,1.0,0
سمگا,315,1514,625,29,9.7568,0.03624338624339032,0.1176250831357711,1.0,0
سنير,39,720,114,9,3.4298245614035086,0.11111111111111072,0.303656798264934,1.0000000000000004,0
سهرمز,278,1208,512,31,13.115234375,0.032258064516129004,0.08304653322623098,1.0,0
سهگمت,296,1487,612,29,9.782679738562091,0.03963894050908305,0.1047366980135656,1.0,0
سيدكو,511,1436,772,31,18.817357512953368,0.032258064516128115,0.05783285055310518,0.5624999999999991,0
سيستم,159,1578,340,31,12.58235294117647,0.03288719844032073,0.08491879130891851,0.9999999999999999,0
سيلام,127,1087,319,21,7.943573667711599,0.0517691287041148,0.13946594561069506,0.6,0
سپ,56,642,160,18,6.51875,0.05898692810457575,0.15837144247697513,0.5357142857142857,0
سپاها,413,1605,887,31,10.626832018038332,0.03619575949943281,0.09880042033296907,1.0,0
شاراك,273,1609,638,29,10.310344827586206,0.040471286776843106,0.11956249210355764,1.0,0
شاملا,170,1569,468,31,9.232905982905983,0.03817687445790183,0.12044667586174782,1.0,0
شاوان,246,1363,530,31,8.858490566037736,0.03354743023909084,0.12334236983706766,1.0,0
شبريز,169,1373,344,31,9.005813953488373,0.034840285820048125,0.12716196851322278,1.0,0
شبندر,252,1365,593,31,10.183811129848229,0.0325008671522708,0.11757079248058418,0.6129032258064512,0
شبهرن,250,1579,576,31,10.484375,0.033002268170375354,0.1047930545015896,0.7142857142857143,0
شتران,122,1327,320,26,7.91875,0.04090161649944202,0.1431482181879638,1.0,0
شتهران,69,605,145,31,14.524137931034483,0.04189435496888859,0.06907768161528444,0.13333722396316028,0
شتوكا,205,1192,414,31,10.502415458937199,0.032827898444663994,0.11701170593624431,1.0,0
شتولي,215,1046,348,31,13.454022988505747,0.0339080459770118,0.08832583590892217,1.0,0
شخارك,327,1527,668,31,13.654191616766466,0.032258064516128115,0.08131085482492717,1.0,0
شدوص,237,1367,531,31,10.36723163841808,0.03647761615324208,0.11224842640413757,1.0,0
شراز,339,1399,700,31,10.90857142857143,0.03392002349266427,0.11166023341327358,1.0,0
شرانل,314,1597,637,31,12.298273155416013,0.032617142447060085,0.09375580866367803,0.5625,0
شزنگ,128,1059,206,27,8.597087378640778,0.03802627413738651,0.14653857067362158,1.0,0
شستان,153,807,318,27,9.283018867924529,0.04078590930369588,0.1501004628863905,1.0,0
شسم,80,955,127,17,6.771653543307087,0.06587009803921529,0.1749279114109608,0.9999999999999997,0
شسينا,177,1428,423,27,7.888888888888889,0.04702024504983017,0.1448789659690321,1.0,0
شسپا,235,1486,563,31,10.603907637655418,0.03376372315659693,0.10899403899662231,1.0,0
شصفها,114,898,187,30,8.358288770053475,0.034506216279615795,0.1552090300619312,1.0,0
شغدير,63,630,153,26,7.810457516339869,0.04552797140009119,0.167917124141306,1.0,0
شفا,48,709,87,24,7.873563218390805,0.04211956521739246,0.1553180617191093,0.6,0
شفارا,254,1171,568,30,9.329225352112676,0.03342911877394409,0.11032648583104782,0.9166666666666667,0
شفارس,254,1592,538,28,9.33085501858736,0.041115170878019185,0.12639983777966435,0.7,0
شفن,246,1522,400,31,16.5025,0.032258064516129004,0.0689641892991114,1.0,0
شكبير,37,1013,87,15,4.390804597701149,0.07465629608486728,0.2639543662981315,1.0,0
شكربن,228,1598,527,28,9.018975332068312,0.03892421141213415,0.12589078224664038,0.5833333333333334,0
شكف,92,897,196,24,7.36734693877551,0.04474102972126656,0.14133695783182235,1.0,0
شكلر,287,1574,620,31,9.63225806451613,0.03574469379067106,0.11549181412015191,1.0,0
شلرد,425,1409,731,31,13.17373461012312,0.03274591796097089,0.08515109385604355,0.625,0
شلعاب,287,1542,551,29,10.911070780399275,0.03753163100989525,0.10775799527859584,0.7,0
شنفت,319,1502,642,30,11.263239875389408,0.035185796364882185,0.10015277249291475,1.0,0
شوينده,56,729,132,15,4.7272727272727275,0.07438186813186842,0.20857775439771822,0.6817204301075276,0
شيراز,273,1542,617,31,10.035656401944895,0.035086122627833206,0.10265873543458214,0.7903225806451613,0
شيران,224,1600,573,31,10.584642233856894,0.03239920102383851,0.10402315425186925,1.0,0
شپارس,261,1349,502,31,11.96812749003984,0.032708476790789594,0.10056375112380378,1.0,0
شپاس,480,1576,901,31,12.523862375138735,0.032258064516128115,0.08638976103696025,1.0,0
شپاكسا,256,1632,587,31,10.260647359454856,0.032258064516128115,0.11249755004647732,1.0000000000000002,0
شپترو,388,1347,702,30,11.698005698005698,0.03806265645158646,0.08942363076050755,0.5833333333333334,0
شپديس,199,1548,518,31,8.932432432432432,0.03308901424863515,0.11555427582307388,0.5023545450964804,0
شپلي,113,1067,262,16,5.732824427480916,0.06643118785975995,0.21303115876380385,1.0,0
شپنا,223,1343,435,28,11.63448275862069,0.04203083836323678,0.09228994630713863,0.6210061443932411,0
شگل,222,1603,630,27,8.531746031746032,0.04680823715873824,0.12788052120003868,1.0,0
غاذر,231,1407,588,27,8.181972789115646,0.039517475948635195,0.13515850338364127,1.0000000000000007,0
غالبر,307,1446,590,31,11.135593220338983,0.03271873821831197,0.1070219913610934,1.0,0
غبشهر,329,1564,693,31,12.35064935064935,0.03241167434715716,0.08964982590914665,0.6,0
غبهنوش,339,1456,595,31,13.98655462184874,0.03235581622678329,0.07899741293710368,1.0,0
غدام,78,908,155,25,10.92258064516129,0.04357573068753214,0.0966064195324337,0.31746031746031694,0
غدشت,203,943,378,28,15.597883597883598,0.0418769734758522,0.06787582830248583,0.4545454545454552,0
غديس,141,945,331,22,7.045317220543807,0.04713203463203541,0.1553121393634677,1.0,0
غسالم,255,1229,487,31,14.1088295687885,0.03232131562302243,0.08166824012783389,0.5846774193548387,0
غشاذر,228,1616,585,25,8.263247863247864,0.04470167513645862,0.13576279049005996,1.0,0
غشان,290,1485,604,29,10.68046357615894,0.03632118647635636,0.10530009096184523,1.0,0
غشصفا,228,1479,550,31,8.641818181818183,0.034252301522387035,0.12530450047428043,1.0,0
غشهد,342,1228,533,31,17.594746716697937,0.032258064516129004,0.06186456360592839,0.48484848484848314,0
غشهداب,130,1047,326,30,7.7607361963190185,0.03333333333333144,0.13894700281732514,1.0,0
غشوكو,187,1021,360,26,9.052777777777777,0.045465126625836384,0.11951423569037443,1.0000000000000007,0
غفارس,217,1202,474,25,8.924050632911392,0.046385430324962736,0.11602965132759702,1.0,0
غمارگ,188,1473,430,27,8.893023255813954,0.04025850055741387,0.1325910893150866,1.0,0
غمهرا,222,1422,501,24,10.49500998003992,0.04543329508266474,0.09918585639862537,1.0,0
غمينو,432,1587,784,31,12.839285714285714,0.032340777502066834,0.09352687173239821,1.0,0
غويتا,18,600,54,7,2.111111111111111,0.16984126984126982,0.47338246409674983,1.0,0
غپآذر,103,807,149,30,12.516778523489933,0.035126436781609274,0.09336119426147528,0.5208333333333326,0
غپاك,340,1503,635,31,12.54488188976378,0.03241520560764093,0.08656386680565185,1.0,0
غپينو,265,1547,580,31,11.315517241379311,0.03384102358769483,0.09971147822601734,1.0,0
غچين,223,1199,402,31,13.300995024875622,0.03288719844032073,0.09642230162745938,1.0,0
غگرجي,161,1257,422,29,9.092417061611375,0.034975369458128826,0.11747473298249188,0.5526315789473655,0
غگل,143,1252,479,20,7.164926931106471,0.054199633069603216,0.1425340163880635,0.8785714285714287,0
غگلستا,183,969,416,30,10.73798076923077,0.0365075271401133,0.1013023851041967,0.625,0
غگلپا,208,972,499,30,10.929859719438877,0.0384658029988136,0.10614904161341017,0.5833333333333309,0
فاذر,202,1254,479,28,9.215031315240083,0.04106438105035735,0.12999072078157842,0.7876344086021504,0
فاراك,173,1395,470,21,6.885106382978724,0.05715083941808911,0.15066473031824737,0.7245535714285714,0
فارس,285,1576,490,31,15.548979591836735,0.032258064516129004,0.07436204945211851,0.4791666666666674,0
فاسمين,315,1567,589,31,11.439728353140916,0.035258240509594106,0.11039814992945693,1.0,0
فافزا,159,898,292,22,6.719178082191781,0.045454545454546746,0.1458141554415736,0.46388888888888974,0
فاما,229,1454,492,31,11.910569105691057,0.03229942100909925,0.09545358348285489,1.0,0
فايرا,160,1082,296,31,11.422297297297296,0.03266742588767002,0.11738833516087169,1.0,0
فباهنر,347,1570,736,31,9.664402173913043,0.03385838128830265,0.11648183436325389,1.0,0
فبيرا,33,858,97,13,3.3402061855670104,0.07905982905982907,0.32917716282166926,1.0000000000000007,0
فجام,252,1297,532,31,11.860902255639099,0.032728494623656124,0.09171891761639453,1.0,0
فجر,87,1123,165,23,9.048484848484849,0.04640127987954159,0.13774116956195498,1.0,0
فخاس,226,1350,394,31,14.949238578680204,0.032258064516128115,0.07658646123870197,0.47051282051282,0
فخوز,301,1522,554,30,12.660649819494585,0.034408602150538314,0.08150425782275549,0.5188172043010747,0
فرآور,250,1573,586,23,7.67235494880546,0.047310370788630964,0.13200675083289698,1.0,0
فرابورس,280,1368,557,30,10.964093357271095,0.03359788359788191,0.10624396490767456,0.6702380952380949,0
فروس,197,1476,442,28,10.386877828054299,0.03774679323066417,0.10864836527360908,0.6538461538461516,0
فزرين,230,1542,585,25,7.589743589743589,0.04880952380952408,0.15028415741136172,0.7142857142857143,0
فسا,178,954,333,29,8.066066066066066,0.04034259873152971,0.1427156264467437,1.0,0
فسديد,123,957,204,23,8.240196078431373,0.045454545454546746,0.1541057216955464,1.0000000000000007,0
فسرب,314,1594,626,31,10.982428115015974,0.03262472706299017,0.09654184644360493,0.5063218390804609,0
فسپا,95,1137,220,30,9.631818181818181,0.03624841527140377,0.12794781811326686,1.0000000000000002,0
فلات,201,1171,432,30,8.300925925925926,0.03457771114442636,0.15463188962412336,1.0,0
فلامي,270,1358,566,29,11.641342756183745,0.03911995306251326,0.10478803682764419,1.0,0
فلوله,338,1501,648,31,11.344135802469136,0.035453240715001035,0.09676726212400227,0.9999999999999998,0
فمراد,229,1243,428,31,11.240654205607477,0.03468929105747714,0.09926745118811524,1.0,0
فملي,219,1532,565,30,8.345132743362832,0.03413914735753707,0.12551444987220572,0.8571428571428571,0
فن آوا,260,1201,542,30,9.230627306273062,0.03789306574497352,0.12857577964458308,1.0000000000000009,0
فنرژي,133,659,285,24,8.74736842105263,0.0430665349143613,0.1413990861053524,1.0,0
فنوال,209,1550,537,31,8.074487895716945,0.03369772196245952,0.12639728608619305,1.0,0
فنورد,177,1191,347,30,12.760806916426512,0.03444991789819369,0.09251687819858047,0.625,0
فوكا,24,607,32,24,12.40625,0.05100060494923523,0.07536746688784492,0.21899386017033073,0
فولاد,227,1559,450,31,12.397777777777778,0.03815702016681722,0.0869345767222344,0.34675324675324504,0
فولاي,303,1459,600,30,11.485,0.03333333333333144,0.09355246230419918,0.44583333333333286,0
فولاژ,358,1591,685,31,12.738686131386862,0.034357100950807025,0.09088104801849535,0.6664321230884721,0
فپنتا,249,1413,552,30,12.17572463768116,0.03573369110504224,0.08075774699808216,0.2560755336617423,0
قاسم,287,1319,571,31,10.334500875656742,0.034555006486901484,0.11136449003497272,1.0,0
قثابت,217,1413,533,29,7.917448405253284,0.040524558057211016,0.16717281404565693,1.0,0
قجام,175,1171,314,24,7.32484076433121,0.04202898550724399,0.15238498746740467,0.8214285714285714,0
قزوين,184,1530,429,31,6.72027972027972,0.03294864664442043,0.15407064687061792,1.0,0
قشرين,147,1297,350,29,7.225714285714286,0.038382013899255114,0.1348661742768421,0.7738095238095235,0
قشكر,297,1543,730,30,8.92054794520548,0.03545815614780915,0.1168691092496889,1.0,0
قشهد,322,1417,592,31,11.66891891891892,0.032309267793137794,0.09480990293211063,1.0,0
قشير,229,1507,501,28,9.315369261477047,0.04509922440608246,0.14174435631408142,1.0,0
قصفها,370,1571,591,31,15.17766497461929,0.032258064516128115,0.07258419464865096,0.5833333333333309,0
قلرست,241,1498,591,31,9.351945854483926,0.03432921952804987,0.11649573071010226,0.6428571428571408,0
قمرو,302,1520,519,31,12.662813102119461,0.03247311827956878,0.09565809959403349,1.0,0
قنقش,208,980,399,28,10.837092731829573,0.03890160765161177,0.08963137283482506,0.47913348247788573,0
قنيشا,278,1557,646,27,8.639318885448917,0.037914529914530704,0.12051429295098784,0.6206896551724143,0
قهكمت,226,1588,724,28,6.954419889502763,0.03853674971524007,0.14252503538701813,0.8962365591397848,0
قپيرا,219,1578,598,31,8.884615384615385,0.032258064516128115,0.1141818547105362,1.0,0
قچار,179,1411,368,31,10.730978260869565,0.032511907817802395,0.11202762999464491,1.0,0
كابگن,117,1018,240,17,5.2,0.0588235294117645,0.21158321094793478,1.0,0
كاذر,203,1475,469,25,7.208955223880597,0.04123188405796948,0.1447525158771004,0.5442680776014109,0
كاسپين,114,1065,329,30,7.155015197568389,0.0365684339606753,0.1550589382710845,1.000000000000001,0
كاما,293,1592,613,29,9.570962479608482,0.03597883597883644,0.1193854634377495,1.0,0
كاوه,82,786,213,19,6.657276995305164,0.05695017773191324,0.14408742656326393,1.0,0
كبافق,187,1424,482,24,7.232365145228216,0.05296924488728068,0.14675446683144555,1.0,0
كترام,211,1587,470,31,10.348936170212767,0.032258064516128115,0.12910366472661222,1.0,0
كتوكا,153,1235,402,24,7.41542288557214,0.05434776494746392,0.16080739652887174,1.0,0
كحافظ,186,915,423,27,9.75886524822695,0.04060107766629528,0.1129088809485057,1.0,0
كخاك,261,1600,696,28,8.653735632183908,0.03728588871446042,0.11756395995504558,1.0,0
كدما,116,972,242,27,9.268595041322314,0.04121857570770571,0.12687522471395316,0.76623774509804,0
كرازي,354,1585,681,31,11.638766519823788,0.03566401878721139,0.09089735724342513,1.0,0
كرماشا,240,1630,676,30,8.705621301775148,0.036869165460595536,0.12442653367108335,0.779032258064516,0
كرمان,191,1450,416,30,8.21875,0.03498164112388391,0.14838338449937624,1.0,0
كروي,257,1598,551,30,10.408348457350272,0.03541360341137898,0.11843913710422846,1.0,0
كساوه,348,1421,612,31,12.732026143790849,0.032258064516128115,0.08176144780035699,0.46022123038252144,0
كساپا,315,1582,652,31,10.891104294478527,0.03239247311827853,0.09924274897227227,1.0,0
كسرا,210,1183,407,31,11.024570024570025,0.033958570165467813,0.117746687426004,1.0,0
كسرام,349,1485,672,31,11.654761904761905,0.032258064516128115,0.09952411961831657,1.0,0
كسعدي,297,1331,547,31,13.210237659963436,0.03391376002213301,0.0815977156955802,0.4791666666666643,0
كشرق,212,1309,405,24,8.841975308641976,0.044202898550724345,0.13149293323845612,1.0,0
كطبس,333,1525,580,29,12.862068965517242,0.038063017229684824,0.08257775620042623,0.5208333333333334,0
كفرآور,45,683,118,11,5.364406779661017,0.09636363636363683,0.19895045032886158,0.4783333333333334,0
كفرا,314,1552,622,31,11.92604501607717,0.03360930134011255,0.09707733555473391,1.0,0
كفپارس,234,1191,396,31,12.068181818181818,0.032688172043009445,0.09766974248567585,1.0,0
كقزوي,218,1212,353,27,8.796033994334278,0.039184868629313425,0.1371102287643265,1.0,0
كلوند,263,1472,600,30,10.028333333333334,0.035743164390378994,0.10748974762998499,1.0,0
كماسه,228,1441,527,31,9.001897533206831,0.032258064516128115,0.11646180224306911,1.0,0
كمرجان,259,1535,601,28,8.62396006655574,0.04063465709245239,0.13381193298044536,1.0,0
كمنگنز,303,1530,558,31,11.001792114695341,0.03534019332128289,0.09820241967815956,1.0,0
كنور,207,1547,523,29,8.240917782026768,0.03850712250712292,0.12791197422594872,0.8251152073732713,0
كهرام,258,1287,403,30,12.858560794044665,0.033542319749214886,0.09718655184743237,1.0,0
كهمدا,276,1611,810,27,8.366666666666667,0.03933048433048509,0.1350452876819142,1.0,0
كوثر,232,1285,514,28,9.3715953307393,0.037226662226664396,0.11840261248676244,1.0,0
كي بي سي,284,1541,627,31,9.566188197767145,0.032258064516128115,0.11137801976779814,1.0,0
كيميا,199,1163,406,30,9.41871921182266,0.03606777960226282,0.11618290377433263,1.0,0
كپارس,307,1492,630,28,10.420634920634921,0.036613078279747434,0.09604827060679459,0.5833333333333334,0
كپرور,317,1313,695,31,10.6863309352518,0.033489077417800835,0.09731213684688797,1.0000000000000004,0
كپشير,257,1545,579,28,9.569948186528498,0.0393304843304839,0.11741552126234926,1.0,0
كچاد,280,1555,719,31,10.346314325452017,0.039664765158763673,0.1109231471469089,1.0,0
كگاز,228,1430,566,23,8.213780918727915,0.045535210131484,0.11762057227273155,0.7075268817204307,0
كگل,237,1535,536,31,10.330223880597014,0.034329106437901116,0.10522101633943741,1.0,0
لابسا,297,1584,663,27,9.929110105580694,0.03793289015511311,0.11654048790809443,1.0,0
لازما,205,1279,366,24,8.049180327868852,0.04880952380952408,0.15297789948533308,1.0,0
لبوتان,231,1456,524,28,8.788167938931299,0.04049654049654237,0.13224547024995015,0.6785714285714286,0
لخانه,80,803,157,13,4.343949044585988,0.0769230769230802,0.2199820309790803,0.8125,0
لخزر,413,1526,709,31,13.782792665726376,0.032670559881348815,0.07806625712638626,0.5520833333333321,0
لسرما,204,1477,544,30,8.398897058823529,0.03836438579825043,0.1405410466835272,1.0,0
لكما,293,1262,503,31,12.516898608349901,0.034217657783268886,0.10259867970681184,1.0,0
لپارس,113,1136,271,19,7.129151291512915,0.07012754382934684,0.16916001924991636,1.0,0
لپيام,216,1150,343,29,9.36734693877551,0.03448275862069039,0.11420927271434357,1.0,0
ما,255,1280,553,31,10.905967450271248,0.03386336414073325,0.10500424880523891,1.0,0
مارون,135,1604,383,29,8.801566579634464,0.04201950426903253,0.12382993798986022,1.0000000000000002,0
مبين,160,1322,425,22,8.658823529411764,0.04958333333333513,0.11536561212864652,0.43750000000000033,0
مداران,316,1562,608,31,11.832236842105264,0.03231780167263941,0.10503958569028958,1.0000000000000002,0
مرقام,228,1453,565,31,8.938053097345133,0.032258064516128115,0.14617638494832788,1.0,0
مفاخر,442,1559,747,31,13.056224899598394,0.032377538829150704,0.08257336761322652,1.0,0
ملت,228,1496,442,31,11.868778280542987,0.032258064516128115,0.09884065577030611,1.0,0
ميدكو,339,1460,653,31,12.934150076569678,0.03246431219873869,0.08517265947745072,1.0,0
ميهن,155,1378,477,24,7.046121593291405,0.04729575090559042,0.16907764024919006,1.0000000000000002,0
نمرينو,256,1108,551,30,12.548094373865698,0.03968830178212401,0.08532981454802253,0.6290322580645161,0
نوين,159,1062,355,30,7.780281690140845,0.034003111226338124,0.1540416406506869,1.0,0
نيرو,213,1483,437,21,6.7368421052631575,0.06112885982795564,0.17016879356660125,1.0,0
هرمز,184,1217,416,27,9.60576923076923,0.04076915971843439,0.1137235414294958,1.0,0
همراه,62,1630,142,16,11.211267605633802,0.06263440860215053,0.09916059204125402,0.31785714285714267,0
وآتوس,102,931,162,27,10.037037037037036,0.040256410256409914,0.12452368967035381,1.0,0
وآذر,334,1457,666,31,11.86936936936937,0.03233486943164264,0.09497113088925765,1.0,0
وآرين,305,1195,503,31,11.459244532803181,0.032377538829150704,0.09123665332405254,0.6666666666666666,0
وآيند,96,652,168,27,9.946428571428571,0.03913675213675276,0.10380314633869663,0.34336734693877524,0
واتي,241,1602,566,31,9.68904593639576,0.03441565618289566,0.11445076822865176,1.0,0
واحصا,105,1187,267,22,5.6367041198501875,0.056215014886242164,0.20832531199266438,1.0,0
واحيا,233,1489,467,31,9.725910064239828,0.033671976540395394,0.12026725864388288,1.0,0
وارس,77,1023,234,25,6.7094017094017095,0.04859698037923083,0.20743166110996475,1.0000000000000024,0
واعتبار,269,1544,559,29,10.89087656529517,0.038511523199023845,0.097940073412387,0.6869047619047625,0
والبر,148,1588,388,31,9.742268041237113,0.03657976368154528,0.124256307186139,0.693928571428572,0
واميد,135,1570,345,27,9.153623188405797,0.04021931637873711,0.10815261628189764,0.42854502128695693,0
وايرا,125,657,238,28,8.903361344537815,0.042039961015661105,0.1253543249858788,0.6188172043010759,0
وايران,303,1597,562,31,12.129893238434164,0.032526881720428946,0.10164914309497627,1.0,0
وبانك,202,1580,484,26,10.857438016528926,0.04192546583850928,0.1009262534872458,1.0,0
وبشهر,378,1469,769,31,11.618985695708712,0.03239920102383702,0.0976008514191278,0.6648148148148133,0
وبصادر,322,1154,595,31,12.238655462184873,0.03244139578955954,0.09161356820450937,0.5767977094589996,0
وبملت,343,1344,648,31,13.570987654320987,0.032258064516128115,0.08070650112319404,0.5707487240473712,0
وبهمن,201,1598,583,31,9.174957118353344,0.03487092041273301,0.1208403491583584,0.683870967741936,0
وبوعلي,327,1573,684,31,11.722222222222221,0.03260492542490338,0.09222536468706519,0.8709677419354839,0
وبيمه,234,1531,550,30,7.703636363636364,0.033519142684298044,0.14114304243301254,1.0,0
وتجارت,281,1179,645,31,10.542635658914728,0.03414333044567263,0.10508160622270693,1.0,0
وتوس,297,1332,580,31,11.796551724137931,0.03449302134646981,0.09860453439311515,1.0,0
وتوسم,209,1617,479,30,11.448851774530272,0.036201936590763976,0.08848330092179967,0.8870967741935484,0
وتوشه,280,1625,633,31,11.66824644549763,0.03323322209862915,0.09929032645351382,0.7272727272727273,0
وتوصا,323,1604,745,29,10.41744966442953,0.03928271497793439,0.10197260163886478,0.532258064516129,0
وتوكا,383,1507,714,31,11.368347338935575,0.036254113075890534,0.10094041342609014,1.0,0
وثخوز,175,874,271,31,8.907749077490775,0.036749821561205535,0.12893788583385385,0.5833333333333339,0
وثنو,85,981,248,18,5.620967741935484,0.05637254901960986,0.18745851358934115,1.0,0
وثوق,158,856,316,25,8.164556962025317,0.041690821256036514,0.13566097314077963,1.0,0
وجامي,168,906,316,29,10.819620253164556,0.04252520422584961,0.11287874477535172,1.0,0
وحافظ,98,689,172,22,8.226744186046512,0.04632034632034596,0.14385678993356096,1.0,0
وخارزم,322,1429,729,31,9.548696844993142,0.034234062244351396,0.11168006302753859,0.8043478260869578,0
وخاور,379,1566,817,31,11.751529987760097,0.032540337531545005,0.08902380253087006,0.7419354838709677,0
ودي,227,1259,542,30,10.92619926199262,0.04044699222252241,0.10073573825717262,1.0,0
ورازي,139,840,262,31,8.84351145038168,0.03280496848350012,0.14714379489560275,1.0,0
ورنا,506,1580,913,31,12.590361445783133,0.03275434243176042,0.08720261124154871,0.6690242763772176,0
وزمين,74,705,158,24,5.905063291139241,0.0518806374784635,0.16449376529547463,0.6904761904761905,0
وساخت,240,1552,508,31,10.811023622047244,0.03326874543997307,0.11224811305167565,1.0,0
وساپا,371,1400,629,31,13.48966613672496,0.03225806451612972,0.07862915885857799,0.3759259259259243,0
وسبحان,182,1127,392,31,11.408163265306122,0.033229275060700635,0.10432124016083782,1.0,0
وسديد,152,884,244,31,8.795081967213115,0.033083055246569515,0.1436575807542567,1.0,0
وسرمد,127,860,253,26,10.434782608695652,0.048867573027621174,0.12437454832746832,1.0000000000000004,0
وسكاب,392,1501,667,31,16.460269865067467,0.032258064516128115,0.06612711854312904,0.4999830050826264,0
وسنا,175,912,351,31,9.866096866096866,0.03502820269370915,0.13134162130455082,0.9125,0
وسين,127,911,277,23,8.353790613718411,0.05023767016372848,0.13506433422237307,0.6397849462365592,0
وسينا,382,1321,597,31,16.54103852596315,0.032258064516128115,0.06849872811691687,0.45148601398601446,0
وسپه,249,1580,497,31,12.311871227364184,0.032258064516128115,0.09889168740142854,1.0,0
وشمال,97,1049,250,22,5.772,0.056595631196151706,0.23110403452251904,1.0,0
وشهر,239,884,401,29,10.70074812967581,0.03448275862069039,0.09271164404917566,0.3932683754154342,0
وصنا,294,1582,831,28,8.817087845968713,0.03789895886670146,0.12544888619985914,1.0,0
وصندوق,176,1612,565,28,7.495575221238938,0.0420963988624508,0.14444689574002686,1.0,0
وصنعت,271,1600,594,31,10.893939393939394,0.03247311827956878,0.10656419602919662,1.0,0
وغدير,537,1604,876,31,16.66780821917808,0.032258064516128115,0.0679382704069101,0.598278102664068,0
وكادو,248,1484,490,30,9.26734693877551,0.03356321839080323,0.12810466920669492,1.0,0
وكار,215,1403,574,30,9.604529616724738,0.043098420476980336,0.12051026419388311,1.0,0
ولانا,168,736,328,28,8.423780487804878,0.03650793650793673,0.12672708319582238,0.6634353741496596,0
ولبهمن,272,1439,602,31,11.134551495016611,0.036408042329101234,0.09685615146182937,0.7727272727272727,0
ولراز,54,700,141,10,6.127659574468085,0.10370370370370452,0.19328719213807266,0.9999999999999999,0
ولساپا,275,1595,698,31,9.058739255014327,0.04121826767653128,0.12031092313624878,1.0,0
ولشرق,151,800,345,27,9.672463768115943,0.04040882064795141,0.11904513776732294,0.6092592592592594,0
ولصنم,488,1566,812,31,14.432266009852217,0.032258064516128115,0.07653849066450914,1.0,0
ولغدر,349,1517,661,31,13.152798789712557,0.03269394736257471,0.08270093737399989,0.5833333333333334,0
ولملت,179,1062,428,31,10.69626168224299,0.03483622640391792,0.10381767442880745,0.552083333333333,0
وليز,417,1493,773,31,13.30659767141009,0.03323699613327036,0.08136869924154279,0.6166666666666686,0
ومعادن,342,1481,676,31,12.596153846153847,0.034325620742067034,0.08679157385852518,0.5929267417170649,0
وملت,284,1361,645,31,10.87906976744186,0.037773941999947075,0.10610092261779465,1.0,0
وملل,70,964,231,15,4.995670995670996,0.06938775510204108,0.19441081200213764,0.6041666666666679,0
وملي,125,1232,339,26,8.368731563421829,0.03876923076922765,0.12659831755480344,1.0,0
ونفت,381,1618,770,31,11.263636363636364,0.03232743669788317,0.10495563484653996,1.0,0
ونوين,237,1409,572,31,9.433566433566433,0.040581070000813825,0.12205828426241952,1.0,0
ونيرو,364,1299,654,31,13.458715596330276,0.03383436769838255,0.07997900486434992,1.0,0
ونيكي,289,1591,706,31,9.960339943342776,0.032314657611770395,0.10828109312703184,1.0,0
وهور,226,1066,422,31,13.24170616113744,0.03587020428754902,0.08242630642050904,1.0000000000000002,0
وپارس,183,1084,386,30,9.976683937823834,0.03501501053225165,0.130034082136641,0.9444444444444444,0
وپاسار,264,1054,453,31,15.719646799116997,0.03268625832765128,0.06949225836584877,1.0,0
وپترو,361,1546,689,30,11.447024673439767,0.035308513325754576,0.09658402376069483,0.6,0
وپخش,139,1471,511,21,6.440313111545988,0.05825163398692439,0.17753290267160793,1.0,0
وپست,308,1333,574,30,11.698606271777004,0.03402298850574255,0.09611783232281335,1.0,0
وگستر,362,1619,756,28,10.448412698412698,0.03893776580370911,0.1140945739782217,1.0,0
پارس,105,632,180,30,13.477777777777778,0.03402663747491478,0.08005448453607916,0.37040816326530596,0
پارسان,326,1592,728,31,11.57554945054945,0.032258064516128115,0.09234743710694264,1.0,0
پارسيان,381,1569,752,31,13.050531914893616,0.03346165478283531,0.08573000707726977,1.0,0
پاسا,234,1532,665,28,7.652631578947369,0.0384569134569143,0.13217533983784666,0.9999999999999992,0
پاكشو,141,1598,322,31,11.677018633540373,0.032533061426276065,0.09520938403678922,0.5725806451612904,0
پتاير,155,1493,421,20,6.551068883610451,0.054001834651990696,0.16001446643922368,1.0,0
پترول,375,1551,767,31,11.803129074315516,0.03692202481967854,0.09394369692110327,1.0,0
پخش,337,1537,636,31,12.06132075471698,0.03423655913978507,0.09575453286956087,1.0,0
پدرخش,292,1485,524,31,11.923664122137405,0.03333395285271554,0.1020901859724496,1.0000000000000004,0
پرداخت,203,850,269,31,18.297397769516728,0.032258064516129004,0.05736040404246141,0.5928392307389806,0
پرديس,277,1545,576,31,13.159722222222221,0.032258064516128115,0.0860179588103536,1.0,0
پسهند,347,1595,661,31,11.21482602118003,0.032258064516128115,0.09485738993788749,0.6904761904761901,0
پكرمان,264,1579,682,24,10.016129032258064,0.04458328020740398,0.11515617959661285,1.0000000000000004,0
پكوير,330,1586,615,31,12.986991869918699,0.033681988350258034,0.09324992985469892,1.0,0
پلاست,92,901,203,23,6.551724137931035,0.045634095119220675,0.17554948151099103,1.0,0
پلاسك,407,1595,776,31,13.426546391752577,0.032258064516128115,0.08281647214726416,1.0,0
پلوله,342,1435,635,31,10.32283464566929,0.032340777502066834,0.11189470302993774,1.0,0
چافست,191,1553,445,31,10.406741573033708,0.033002268170375354,0.11096187985379669,1.0,0
چدن,70,804,246,17,6.008130081300813,0.0699255677908429,0.20334116788002934,1.0,0
چفيبر,192,1385,537,24,7.1806331471135945,0.0452131564088095,0.1642833106253984,1.0,0
چكارن,328,1456,535,31,13.390654205607477,0.03319879230891498,0.09399404581356745,1.0,0
چكاوه,216,1408,478,31,8.895397489539748,0.03323260108385186,0.1334542633027676,1.0,0
چكاپا,100,1054,264,23,8.511363636363637,0.044137022397890746,0.139070894625589,1.0,0
گكوثر,72,818,146,24,7.102739726027397,0.04259991216512778,0.18134038707083766,1.0,0
گكيش,112,862,206,27,10.62135922330097,0.04175077754853488,0.1124891290963245,1.0,0
گوهران,142,1080,355,29,10.030985915492957,0.039851970091100954,0.10327002896221664,0.6,0
گپارس,104,861,190,29,8.342105263157896,0.03542920999817589,0.1349763639048183,1.0,0
