dEven,fold_id,candidate_events,required_quota,selected_signals,selected_positive_labels,raw_score_cutoff,minimum_raw_score,maximum_raw_score
2017-09-19,1,119,6,6,2,0.6733298897743225,0.5434591174125671,0.7220383286476135
2017-09-20,1,121,7,7,2,0.6682710647583008,0.5274510383605957,0.6822057962417603
2017-09-23,1,119,6,6,5,0.6279007196426392,0.4876030683517456,0.6483789682388306
2017-09-24,1,110,6,6,3,0.6141920685768127,0.4621270596981048,0.6726512312889099
2017-09-25,1,111,6,6,3,0.5907748937606812,0.4631697535514831,0.6262738704681396
2017-09-26,1,114,6,6,1,0.5972797870635986,0.4562027156352997,0.6243312954902649
2017-09-27,1,108,6,6,0,0.5765370726585388,0.4516164660453796,0.5939569473266602
2017-10-02,1,122,7,7,1,0.6100062131881714,0.4737061262130737,0.6429190039634705
2017-10-03,1,126,7,7,2,0.6358849406242371,0.4974659979343414,0.6444016695022583
2017-10-04,1,123,7,7,2,0.6094201803207397,0.4960600733757019,0.690345048904419
2017-10-07,1,115,6,6,3,0.6743892431259155,0.5345368981361389,0.7174825072288513
2017-10-08,1,114,6,6,4,0.6879652142524719,0.568231463432312,0.7052209973335266
2017-10-09,1,103,6,6,4,0.6541768312454224,0.5689705610275269,0.6795119643211365
2017-10-10,1,110,6,6,1,0.6530153751373291,0.5718218088150024,0.6840637922286987
2017-10-11,1,108,6,6,4,0.625577449798584,0.5290745496749878,0.6568878889083862
2017-10-14,1,116,6,6,2,0.6605981588363647,0.5752852559089661,0.7082725167274475
2017-10-15,1,120,6,6,5,0.6374975442886353,0.5627264976501465,0.702375054359436
2017-10-16,1,122,7,7,4,0.6274148225784302,0.5439131259918213,0.6655316948890686
2017-10-17,1,109,6,6,4,0.613592803478241,0.5418621897697449,0.6439511179924011
2017-10-18,1,109,6,6,3,0.6359882950782776,0.5395376086235046,0.6865692734718323
2017-10-21,1,110,6,6,3,0.5742369890213013,0.4909099340438843,0.5991698503494263
2017-10-22,1,104,6,6,2,0.5635892748832703,0.4676514267921448,0.6054744124412537
2017-10-23,1,92,5,5,4,0.606658399105072,0.4967724084854126,0.6306408047676086
2017-10-24,1,83,5,5,3,0.599315881729126,0.5089426040649414,0.65754634141922
2017-10-25,1,89,5,5,3,0.5916982889175415,0.5022570490837097,0.6226587295532227
2017-10-28,1,99,5,5,4,0.6250250935554504,0.5050154328346252,0.6777371764183044
2017-10-29,1,97,5,5,1,0.6095597147941589,0.4858486354351043,0.6694522500038147
2017-10-30,1,108,6,6,3,0.6173029541969299,0.5024778246879578,0.6745370030403137
2017-10-31,1,105,6,6,3,0.6262127757072449,0.546170175075531,0.693781852722168
2017-11-01,1,114,6,6,5,0.5671981573104858,0.5037392377853394,0.6189751029014587
2017-11-04,1,120,6,6,2,0.6237110495567322,0.5433115363121033,0.6335510015487671
2017-11-05,1,109,6,6,3,0.534494936466217,0.4073778688907623,0.5884326100349426
2017-11-06,1,117,6,6,3,0.5353427529335022,0.4225024282932281,0.5585528612136841
2017-11-07,1,108,6,6,4,0.5880289077758789,0.507506251335144,0.6309767961502075
2017-11-08,1,109,6,6,4,0.5808771848678589,0.4985992312431335,0.6416675448417664
2017-11-11,1,113,6,6,2,0.6287628412246704,0.5372009873390198,0.639703094959259
2017-11-12,1,107,6,6,2,0.6362869739532471,0.5348584055900574,0.6550730466842651
2017-11-13,1,114,6,6,2,0.6255622506141663,0.5448579788208008,0.6741887331008911
2017-11-14,1,108,6,6,1,0.6204555034637451,0.5297686457633972,0.6705993413925171
2017-11-15,1,122,7,7,2,0.6276652812957764,0.5268738865852356,0.6595989465713501
2017-11-18,1,120,6,6,3,0.6350350379943848,0.5365518927574158,0.6723114848136902
2017-11-20,1,120,6,6,4,0.6284865140914917,0.5149664878845215,0.6727279424667358
2017-11-21,1,124,7,7,1,0.6370750665664673,0.5269845128059387,0.6537843942642212
2017-11-22,1,129,7,7,3,0.6073254346847534,0.5162069797515869,0.6870126128196716
2017-11-25,1,126,7,7,2,0.6337945461273193,0.5206130743026733,0.6763109564781189
2017-11-26,1,134,7,7,3,0.6157746315002441,0.4958728849887848,0.6487940549850464
2017-11-28,1,124,7,7,1,0.612751841545105,0.5024475455284119,0.6523348093032837
2017-11-29,1,139,7,7,3,0.6209841370582581,0.5137920379638672,0.6576969027519226
2017-12-02,1,137,7,7,1,0.6263762712478638,0.5056841373443604,0.6820443868637085
2017-12-03,1,133,7,7,3,0.6239332556724548,0.488331526517868,0.6821194291114807
2017-12-04,1,130,7,7,2,0.6416803598403931,0.5170058012008667,0.687099039554596
2017-12-05,1,131,7,7,2,0.6395145654678345,0.5216918587684631,0.7140753865242004
2017-12-09,1,137,7,7,2,0.6507280468940735,0.5228831768035889,0.6822701692581177
2017-12-10,1,144,8,8,6,0.6206749081611633,0.4961797893047333,0.6914226412773132
2017-12-11,1,143,8,8,5,0.6313505172729492,0.5186097621917725,0.6948239207267761
2017-12-12,1,133,7,7,5,0.5869148969650269,0.4388958215713501,0.6390262246131897
2017-12-13,1,141,8,8,5,0.5925085544586182,0.4469657838344574,0.637787401676178
2017-12-16,1,123,7,7,2,0.5754064917564392,0.416226863861084,0.6031943559646606
2017-12-17,1,123,7,7,1,0.5725451707839966,0.4295496344566345,0.6060299873352051
2017-12-18,1,133,7,7,5,0.5864872336387634,0.4412939548492431,0.6379420161247253
2017-12-19,1,126,7,7,1,0.5745052099227905,0.4325110912322998,0.6109762191772461
2017-12-20,1,134,7,7,1,0.5559778809547424,0.4319393634796142,0.5724773406982422
2017-12-23,1,128,7,7,1,0.5319827795028687,0.3867849111557007,0.5478267669677734
2017-12-24,1,129,7,7,1,0.5277420878410339,0.3963577449321747,0.5918917655944824
2017-12-25,1,135,7,7,2,0.572909414768219,0.4114901721477508,0.5920959115028381
2017-12-26,1,126,7,7,2,0.584225058555603,0.4371147453784942,0.6400514245033264
2017-12-27,1,132,7,7,2,0.6014320254325867,0.4560862183570862,0.6567602753639221
2017-12-30,1,116,6,6,3,0.6855401396751404,0.5850282907485962,0.6956132054328918
2017-12-31,1,107,6,6,3,0.5824320316314697,0.4878959059715271,0.6123169660568237
2018-01-01,1,102,6,6,4,0.5074851512908936,0.3819057047367096,0.5731322765350342
2018-01-02,1,87,5,5,4,0.4542748630046844,0.3322020471096039,0.5284293293952942
2018-01-03,1,85,5,5,2,0.4245127439498901,0.3300365209579468,0.5113295912742615
2018-01-06,1,94,5,5,3,0.4557874798774719,0.3306953310966491,0.5369482040405273
2018-01-07,1,96,5,5,3,0.4888408780097961,0.3856922090053558,0.5234323143959045
2018-01-08,1,99,5,5,3,0.5070527195930481,0.3874218463897705,0.5206143260002136
2018-01-09,1,84,5,5,2,0.4551172852516174,0.3496465384960174,0.4671611487865448
2018-01-10,1,98,5,5,3,0.4707991480827331,0.3635779917240143,0.4778414070606231
2018-01-13,1,91,5,5,3,0.4893435537815094,0.3899187743663788,0.5697155594825745
2018-01-14,1,79,4,4,1,0.428666353225708,0.3363862633705139,0.442287266254425
2018-01-15,1,75,4,4,2,0.4521697163581848,0.3489298224449157,0.5134471654891968
2018-01-16,1,69,4,4,0,0.4571116268634796,0.3245249390602112,0.522489607334137
2018-01-17,1,88,5,5,2,0.4387170076370239,0.3135291039943695,0.5977063775062561
2018-01-20,1,74,4,4,1,0.4224784970283508,0.2977989912033081,0.4490017890930176
2018-01-21,1,70,4,4,2,0.438518077135086,0.3215413093566894,0.5270410776138306
2018-01-22,1,78,4,4,4,0.457467645406723,0.3362263143062591,0.6014410257339478
2018-01-23,1,94,5,5,3,0.4475364089012146,0.317099004983902,0.5527341365814209
2018-01-24,1,98,5,5,5,0.4727951288223266,0.3326587677001953,0.5640142560005188
2018-01-27,1,112,6,6,2,0.4706918001174927,0.3290304541587829,0.4887967705726623
2018-01-28,1,110,6,6,4,0.5575051307678223,0.4551937878131866,0.5949848294258118
2018-01-29,1,125,7,7,5,0.6009156107902527,0.509608268737793,0.6275752782821655
2018-01-30,1,124,7,7,2,0.5229000449180603,0.4190099537372589,0.5742220878601074
2018-01-31,1,128,7,7,1,0.5449452996253967,0.4459088146686554,0.5838993191719055
2018-02-03,2,127,7,7,3,0.5718405246734619,0.4446764290332794,0.6437354683876038
2018-02-04,2,112,6,6,3,0.5396111607551575,0.407360702753067,0.6158894896507263
2018-02-05,2,104,6,6,3,0.5749560594558716,0.4617194831371307,0.6540537476539612
2018-02-06,2,107,6,6,1,0.5323042869567871,0.4109497964382171,0.5810742974281311
2018-02-07,2,108,6,6,3,0.5399717092514038,0.3953379392623901,0.5899561047554016
2018-02-10,2,108,6,6,1,0.556475043296814,0.4113307893276214,0.6433415412902832
2018-02-12,2,115,6,6,1,0.5651726722717285,0.4449977576732635,0.6330419778823853
2018-02-13,2,97,5,5,3,0.5247215628623962,0.39902064204216,0.5861970782279968
2018-02-14,2,113,6,6,1,0.5234696269035339,0.3875387609004974,0.5897114872932434
2018-02-17,2,113,6,6,0,0.5509238839149475,0.405135840177536,0.636367917060852
2018-02-18,2,121,7,7,2,0.5928829312324524,0.4253533482551574,0.6432090401649475
2018-02-19,2,109,6,6,2,0.5285568833351135,0.4274196326732635,0.6012621521949768
2018-02-21,2,114,6,6,1,0.5143877863883972,0.388941615819931,0.5917660593986511
2018-02-24,2,116,6,6,1,0.616043746471405,0.5010397434234619,0.6587971448898315
2018-02-25,2,108,6,6,3,0.6187253594398499,0.5185003876686096,0.668430507183075
2018-02-26,2,130,7,7,2,0.6056429743766785,0.5113987326622009,0.6797778010368347
2018-02-27,2,114,6,6,2,0.5800868272781372,0.5074081420898438,0.6020462512969971
2018-02-28,2,127,7,7,2,0.5502876043319702,0.4294339716434479,0.5980161428451538
2018-03-03,2,129,7,7,5,0.5663151741027832,0.4468292593955993,0.6386071443557739
2018-03-04,2,124,7,7,3,0.5725868940353394,0.4803022742271423,0.6419714689254761
2018-03-05,2,133,7,7,0,0.6193957328796387,0.5292893052101135,0.6735952496528625
2018-03-06,2,132,7,7,1,0.6830949187278748,0.5877197980880737,0.7170845866203308
2018-03-07,2,132,7,7,2,0.7058219909667969,0.6104030609130859,0.7322474718093872
2018-03-10,2,140,7,7,4,0.6580268740653992,0.5647695660591125,0.6992027163505554
2018-03-11,2,137,7,7,3,0.5713854432106018,0.4423548579216003,0.6301994323730469
2018-03-12,2,123,7,7,3,0.5656988620758057,0.4715354442596435,0.602744460105896
2018-03-13,2,122,7,7,4,0.5469948649406433,0.4253771603107452,0.66139155626297
2018-03-14,2,127,7,7,3,0.5307573080062866,0.3911008536815643,0.6245599985122681
2018-03-17,2,116,6,6,5,0.562963604927063,0.3670726716518402,0.6242569088935852
2018-03-18,2,125,7,7,4,0.5801293849945068,0.4667584598064422,0.662617027759552
2018-03-19,2,122,7,7,1,0.636725902557373,0.5179374814033508,0.6746325492858887
2018-03-25,2,126,7,7,3,0.587213397026062,0.4837419688701629,0.6467064023017883
2018-03-26,2,145,8,8,4,0.5682346820831299,0.4636232554912567,0.6089197993278503
2018-03-27,2,146,8,8,4,0.5759668946266174,0.4689749777317047,0.6699576377868652
2018-03-28,2,152,8,8,4,0.6255830526351929,0.5430068969726562,0.6591799855232239
2018-04-03,2,142,8,8,5,0.5839864611625671,0.4953571557998657,0.608269214630127
2018-04-04,2,148,8,8,3,0.5846986770629883,0.4867497384548187,0.6208887696266174
2018-04-07,2,150,8,8,4,0.6461383104324341,0.566844642162323,0.6908548474311829
2018-04-08,2,130,7,7,5,0.6627541780471802,0.527377724647522,0.703233540058136
2018-04-09,2,122,7,7,6,0.6718665957450867,0.5207908153533936,0.6912117004394531
2018-04-10,2,121,7,7,4,0.6093824505805969,0.5027705430984497,0.6552004218101501
2018-04-11,2,118,6,6,6,0.642045259475708,0.4858233034610748,0.6752656698226929
2018-04-15,2,117,6,6,4,0.6205933690071106,0.4974605739116668,0.6846837401390076
2018-04-16,2,106,6,6,2,0.5843772292137146,0.4651916921138763,0.6651527881622314
2018-04-17,2,122,7,7,5,0.5750278830528259,0.4459420144557953,0.6373791098594666
2018-04-18,2,117,6,6,2,0.5744749307632446,0.4672790169715881,0.6020758152008057
2018-04-21,2,111,6,6,3,0.6296330690383911,0.5176575779914856,0.6427556872367859
2018-04-22,2,106,6,6,4,0.6253339052200317,0.5050689578056335,0.6508594155311584
2018-04-23,2,106,6,6,3,0.6270458698272705,0.5063250064849854,0.6509433388710022
2018-04-24,2,103,6,6,2,0.6139171719551086,0.5048656463623047,0.6557101011276245
2018-04-25,2,105,6,6,5,0.5725563764572144,0.4791868031024933,0.6149503588676453
2018-04-28,2,109,6,6,6,0.6220144629478455,0.4663112759590149,0.6707783937454224
2018-04-29,2,90,5,5,5,0.6207140684127808,0.4788728952407837,0.6453559994697571
2018-04-30,2,92,5,5,5,0.6044156551361084,0.4974183440208435,0.6508017182350159
2018-05-01,2,83,5,5,4,0.5748501420021057,0.4806960225105285,0.5936707258224487
2018-05-05,2,96,5,5,4,0.5993450880050659,0.4894534051418304,0.6464056372642517
2018-05-06,2,90,5,5,3,0.6466077566146851,0.4873830080032348,0.7037272453308105
2018-05-07,2,98,5,5,4,0.5837505459785461,0.4691356122493744,0.6614658236503601
2018-05-08,2,96,5,5,3,0.5950626134872437,0.4552595913410187,0.6051124334335327
2018-05-09,2,109,6,6,6,0.6073347926139832,0.4953479766845703,0.6468170285224915
2018-05-12,2,115,6,6,5,0.6306983232498169,0.489232987165451,0.6402958035469055
2018-05-13,2,113,6,6,2,0.5998324155807495,0.4819889962673187,0.608936607837677
2018-05-14,2,113,6,6,5,0.5947949290275574,0.4375015795230865,0.6064226627349854
2018-05-15,2,110,6,6,6,0.5484486222267151,0.4007781744003296,0.5683099031448364
2018-05-16,2,104,6,6,4,0.5405653715133667,0.3929475545883178,0.562225341796875
2018-05-19,2,98,5,5,3,0.5534986257553101,0.4190817773342132,0.5744337439537048
2018-05-20,2,93,5,5,3,0.5441545844078064,0.3794328570365906,0.574530303478241
2018-05-21,2,105,6,6,3,0.5336949825286865,0.3368130028247833,0.5642263293266296
2018-05-22,2,103,6,6,3,0.5065585970878601,0.3166549503803253,0.5346522927284241
2018-05-23,2,117,6,6,2,0.5483664274215698,0.3587990403175354,0.5777544975280762
2018-05-26,2,120,6,6,3,0.5282951593399048,0.3300353288650512,0.5508988499641418
2018-05-27,2,122,7,7,5,0.5661659240722656,0.4590705037117004,0.5959571599960327
2018-05-28,2,137,7,7,2,0.5545294284820557,0.4359282255172729,0.6030670404434204
2018-05-29,2,131,7,7,3,0.5417153239250183,0.4340592324733734,0.6030372977256775
2018-05-30,2,135,7,7,3,0.5389966368675232,0.4104088842868805,0.6063120365142822
2018-06-02,2,148,8,8,6,0.5362353324890137,0.4155547618865967,0.5845178365707397
2018-06-03,2,148,8,8,5,0.5144806504249573,0.3949390053749084,0.5447106957435608
2018-06-09,2,144,8,8,5,0.5498547554016113,0.3990172445774078,0.6349613666534424
2018-06-10,2,146,8,8,5,0.5508493185043335,0.4018678069114685,0.6523898839950562
2018-06-11,2,140,7,7,4,0.5473469495773315,0.4069994986057281,0.606525182723999
2018-06-12,2,124,7,7,1,0.6074169874191284,0.4756151437759399,0.6312809586524963
2018-06-13,2,99,5,5,3,0.6154175400733948,0.5304874777793884,0.623953640460968
2018-06-17,2,77,4,4,4,0.5147176384925842,0.4241141080856323,0.5287707448005676
2018-06-18,2,92,5,5,5,0.545403003692627,0.3920934796333313,0.5584881901741028
2018-06-19,2,90,5,5,3,0.4999192953109741,0.3282453119754791,0.5131285786628723
2018-06-20,2,79,4,4,2,0.5770784616470337,0.4359125196933746,0.5913470387458801
2018-06-23,2,69,4,4,2,0.5036748647689819,0.3810060918331146,0.5148070454597473
2018-06-24,2,64,4,4,3,0.5638495087623596,0.4461673200130462,0.5724064707756042
2018-06-25,2,65,4,4,1,0.6455396413803101,0.5407267808914185,0.6586667895317078
2018-06-26,2,69,4,4,1,0.4734564125537872,0.3556576371192932,0.5370607376098633
2018-06-27,2,77,4,4,3,0.4273434281349182,0.3084114193916321,0.5101290345191956
2018-06-30,3,74,4,4,1,0.4220885038375854,0.2988810241222381,0.4410109221935272
2018-07-01,3,87,5,5,1,0.4219511449337005,0.3046934008598327,0.5045663714408875
2018-07-02,3,78,4,4,1,0.4197510182857513,0.2965657413005829,0.5044149160385132
2018-07-03,3,78,4,4,1,0.4246438443660736,0.3181750476360321,0.4604480266571045
2018-07-04,3,83,5,5,2,0.4215174317359924,0.3015837669372558,0.5370680093765259
2018-07-07,3,83,5,5,3,0.4141269326210022,0.2930407524108886,0.5233093500137329
2018-07-08,3,91,5,5,4,0.4119925796985626,0.303031176328659,0.533911406993866
2018-07-10,3,117,6,6,4,0.4257614612579345,0.2799765169620514,0.5277047753334045
2018-07-11,3,127,7,7,6,0.4710304737091064,0.3139412999153137,0.5779007077217102
2018-07-14,3,106,6,6,5,0.3976421654224396,0.2859246432781219,0.5047969222068787
2018-07-15,3,99,5,5,4,0.4275451600551605,0.2773550748825073,0.4843474924564361
2018-07-16,3,102,6,6,4,0.3940061926841736,0.2732322812080383,0.5549715161323547
2018-07-17,3,103,6,6,5,0.4076387584209442,0.2841445207595825,0.487648069858551
2018-07-18,3,102,6,6,6,0.4397857189178467,0.2813028693199157,0.5311049818992615
2018-07-21,3,80,4,4,4,0.4555330872535705,0.3314289450645447,0.5406679511070251
2018-07-22,3,84,5,5,5,0.4549635052680969,0.3056692481040954,0.5015449523925781
2018-07-23,3,103,6,6,6,0.5284577012062073,0.358159452676773,0.6198080778121948
2018-07-24,3,112,6,6,6,0.5421851873397827,0.4461643993854522,0.5959088802337646
2018-07-25,3,110,6,6,6,0.5916247367858887,0.4683618545532226,0.6379755735397339
2018-07-28,3,107,6,6,6,0.5615763068199158,0.4430676698684692,0.6475444436073303
2018-07-29,3,117,6,6,5,0.5790599584579468,0.4438572525978088,0.6613903045654297
2018-07-30,3,122,7,7,7,0.5722218751907349,0.4466787874698639,0.6575018167495728
2018-07-31,3,81,5,5,5,0.5002450942993164,0.4029072523117065,0.5455286502838135
2018-08-01,3,105,6,6,6,0.5053654313087463,0.3704598248004913,0.5350335240364075
2018-08-04,3,114,6,6,6,0.5011576414108276,0.3777452409267425,0.5868497490882874
2018-08-05,3,104,6,6,6,0.5167903900146484,0.3962318301200866,0.571907103061676
2018-08-06,3,101,6,6,6,0.5185801386833191,0.384571373462677,0.5831608772277832
2018-08-07,3,99,5,5,5,0.5026769042015076,0.2868860363960266,0.5740519762039185
2018-08-08,3,116,6,6,6,0.4957337379455566,0.2880312204360962,0.6027345657348633
2018-08-11,3,105,6,6,5,0.4828948974609375,0.3000914752483368,0.5891531705856323
2018-08-12,3,108,6,6,6,0.4922583997249603,0.303873747587204,0.569526195526123
2018-08-13,3,126,7,7,7,0.5153147578239441,0.3215442597866058,0.560863733291626
2018-08-14,3,110,6,6,6,0.5265722274780273,0.341176301240921,0.5560587048530579
2018-08-15,3,117,6,6,6,0.536080539226532,0.3395979702472687,0.5756167769432068
2018-08-18,3,107,6,6,6,0.515276312828064,0.4012136161327362,0.5288802981376648
2018-08-19,3,106,6,6,6,0.5109615921974182,0.3867332637310028,0.5468584299087524
2018-08-20,3,94,5,5,5,0.5579005479812622,0.4435883164405823,0.5899955034255981
2018-08-21,3,79,4,4,4,0.5007736086845398,0.3835150599479675,0.5241400599479675
2018-08-25,3,67,4,4,4,0.7254022359848022,0.6029092669487,0.7329192161560059
2018-08-26,3,46,3,3,3,0.7386422157287598,0.6431180238723755,0.7425158619880676
2018-08-27,3,41,3,3,3,0.737149715423584,0.6546987891197205,0.7454344630241394
2018-08-28,3,45,3,3,3,0.6832802891731262,0.611121654510498,0.6864587664604187
2018-08-29,3,43,3,3,3,0.7410123944282532,0.626510739326477,0.7424457669258118
2018-09-01,3,43,3,3,3,0.7445570826530457,0.6571835279464722,0.7502404451370239
2018-09-02,3,49,3,3,3,0.6938046216964722,0.5874864459037781,0.7146438956260681
2018-09-03,3,46,3,3,3,0.695030152797699,0.6065431237220764,0.7016027569770813
2018-09-04,3,38,2,2,2,0.7357797026634216,0.6696361303329468,0.7394513487815857
2018-09-05,3,34,2,2,2,0.70442795753479,0.62034010887146,0.7128810286521912
2018-09-08,3,22,2,2,2,0.6695783734321594,0.5899377465248108,0.6758832931518555
2018-09-09,3,16,1,1,1,0.6689020991325378,0.6382995247840881,0.6689020991325378
2018-09-10,3,11,1,1,1,0.6826069951057434,0.6176624298095703,0.6826069951057434
2018-09-11,3,11,1,1,1,0.7098045349121094,0.6622573733329773,0.7098045349121094
2018-09-12,3,6,1,1,1,0.6648253202438354,0.6259145736694336,0.6648253202438354
2018-09-15,3,4,1,1,1,0.6989566683769226,0.6432828307151794,0.6989566683769226
2018-09-16,3,5,1,1,1,0.6709142327308655,0.6451405882835388,0.6709142327308655
2018-09-17,3,4,1,1,1,0.6557213664054871,0.6388598680496216,0.6557213664054871
2018-09-18,3,2,1,1,1,0.6356285214424133,0.6200241446495056,0.6356285214424133
2018-09-22,3,1,1,1,1,0.6354889273643494,0.6354889273643494,0.6354889273643494
2018-09-23,3,1,1,1,1,0.6405142545700073,0.6405142545700073,0.6405142545700073
2018-09-25,3,1,1,1,0,0.5657952427864075,0.5657952427864075,0.5657952427864075
2018-09-26,3,1,1,1,0,0.5646815299987793,0.5646815299987793,0.5646815299987793
2018-09-29,3,1,1,1,0,0.564980149269104,0.564980149269104,0.564980149269104
2018-10-01,3,1,1,1,0,0.6134583950042725,0.6134583950042725,0.6134583950042725
2018-10-02,3,2,1,1,1,0.5985983610153198,0.5214637517929077,0.5985983610153198
2018-10-03,3,2,1,1,1,0.6281223297119141,0.5562345385551453,0.6281223297119141
2018-10-06,3,3,1,1,1,0.5686063766479492,0.5095357298851013,0.5686063766479492
2018-10-07,3,2,1,1,1,0.5480597615242004,0.5321207642555237,0.5480597615242004
2018-10-08,3,3,1,1,1,0.5392360687255859,0.4726746380329132,0.5392360687255859
2018-10-09,3,4,1,1,1,0.5578410029411316,0.5177401304244995,0.5578410029411316
2018-10-10,3,6,1,1,1,0.5652428865432739,0.5184974670410156,0.5652428865432739
2018-10-13,3,9,1,1,1,0.579024076461792,0.5103714466094971,0.579024076461792
2018-10-14,3,13,1,1,1,0.5619534254074097,0.4836383163928985,0.5619534254074097
2018-10-15,3,11,1,1,0,0.5907331705093384,0.4858711957931518,0.5907331705093384
2018-10-16,3,6,1,1,0,0.5710874199867249,0.5014895796775818,0.5710874199867249
2018-10-17,3,5,1,1,0,0.5560718774795532,0.4932567179203033,0.5560718774795532
2018-10-20,3,5,1,1,1,0.5649508237838745,0.4748751223087311,0.5649508237838745
2018-10-21,3,7,1,1,0,0.5657966732978821,0.4984508156776428,0.5657966732978821
2018-10-22,3,7,1,1,0,0.5891237854957581,0.4650212824344635,0.5891237854957581
2018-10-23,3,19,1,1,0,0.5971075892448425,0.467686265707016,0.5971075892448425
2018-10-24,3,24,2,2,0,0.5954992175102234,0.4508580863475799,0.5979804992675781
2018-10-27,3,32,2,2,1,0.5856115818023682,0.4257371425628662,0.6045469045639038
2018-10-28,3,19,1,1,1,0.5452863574028015,0.4193310141563415,0.5452863574028015
2018-10-29,3,14,1,1,0,0.5480177402496338,0.4202809929847717,0.5480177402496338
2018-10-31,3,16,1,1,0,0.4953797459602356,0.4233267903327942,0.4953797459602356
2018-11-03,3,24,2,2,0,0.5353532433509827,0.4258019626140594,0.5431036949157715
2018-11-04,3,34,2,2,1,0.5768595933914185,0.4445807337760925,0.5836178064346313
2018-11-05,3,23,2,2,0,0.5343124270439148,0.4322854876518249,0.5362609624862671
2018-11-06,3,62,4,4,2,0.5251598954200745,0.4330593049526214,0.5426259636878967
2018-11-10,3,87,5,5,2,0.484620988368988,0.4001511931419372,0.5573025941848755
2018-11-11,3,87,5,5,4,0.5316587686538696,0.4010812640190124,0.5520215630531311
2018-11-12,3,78,4,4,3,0.5451495051383972,0.4428097009658813,0.5658977031707764
2018-11-13,3,85,5,5,3,0.5502642393112183,0.4329167902469635,0.5606656074523926
2018-11-14,3,69,4,4,3,0.497572511434555,0.4050565958023071,0.5350587964057922
2018-11-17,3,89,5,5,4,0.5469704270362854,0.4181009232997894,0.6035330295562744
2018-11-18,3,91,5,5,5,0.588324248790741,0.4344961047172546,0.6143552660942078
2018-11-19,3,95,5,5,3,0.5246438384056091,0.3934526741504669,0.5682538747787476
2018-11-20,3,111,6,6,5,0.4942148327827453,0.3710263073444366,0.5714239478111267
2018-11-21,3,135,7,7,3,0.4853202998638153,0.3910323679447174,0.5567142963409424
2018-11-24,3,131,7,7,4,0.5224113464355469,0.3962324261665344,0.6008615493774414
2018-11-26,3,148,8,8,6,0.5628386735916138,0.4312299191951751,0.609070360660553
2018-11-27,3,136,7,7,5,0.4893451929092407,0.3631032705307007,0.5683728456497192
2018-11-28,3,146,8,8,3,0.5200340151786804,0.4116091728210449,0.5804898142814636
2018-12-01,3,159,8,8,8,0.5878069996833801,0.4674254655838012,0.6053556799888611
2018-12-02,3,148,8,8,5,0.5012057423591614,0.3749796450138092,0.552040159702301
2018-12-03,3,150,8,8,6,0.5047398209571838,0.3842181861400604,0.5479453206062317
2018-12-04,3,140,7,7,6,0.4872009754180908,0.3853581845760345,0.5544664859771729
2018-12-05,3,126,7,7,4,0.5073441863059998,0.4199532866477966,0.5419555902481079
2018-12-08,3,111,6,6,5,0.509289026260376,0.4296181201934814,0.5686049461364746
2018-12-09,3,113,6,6,4,0.5005744099617004,0.4233463406562805,0.570537269115448
2018-12-10,3,116,6,6,5,0.4911862313747406,0.4033008515834808,0.5426677465438843
2018-12-11,3,66,4,4,3,0.4952753186225891,0.4144861698150635,0.5312561988830566
2018-12-12,3,111,6,6,3,0.4668548703193664,0.3718195855617523,0.5804945826530457
2018-12-15,3,135,7,7,6,0.4669482111930847,0.3670223355293274,0.5153308510780334
2018-12-16,3,136,7,7,6,0.50513756275177,0.3866556286811828,0.5632522106170654
2018-12-17,3,133,7,7,7,0.501338541507721,0.4046210944652557,0.5858508348464966
2018-12-18,3,141,8,8,7,0.5370817184448242,0.3944076001644134,0.578295111656189
2018-12-19,3,139,7,7,7,0.556368350982666,0.4106885194778442,0.6034420728683472
2018-12-22,3,136,7,7,7,0.5086246728897095,0.3685675859451294,0.5688531994819641
2018-12-23,3,133,7,7,7,0.5479884743690491,0.4278861880302429,0.580037534236908
2018-12-24,3,165,9,9,8,0.4984660148620605,0.4069107472896576,0.5162020921707153
2018-12-25,3,159,8,8,7,0.487631618976593,0.4036252498626709,0.528223991394043
2018-12-26,3,149,8,8,7,0.5361555814743042,0.4443138539791107,0.5726234316825867
2018-12-29,3,158,8,8,8,0.5128393173217773,0.4176383018493652,0.5454758405685425
2018-12-30,3,144,8,8,8,0.4852328300476074,0.394220620393753,0.5159724950790405
2018-12-31,3,122,7,7,4,0.487596720457077,0.3583064973354339,0.5160390138626099
2019-01-01,3,110,6,6,4,0.4852298498153686,0.3778151869773865,0.5116345882415771
2019-01-02,3,109,6,6,3,0.4705121219158172,0.3503478467464447,0.488038957118988
2019-01-05,3,101,6,6,5,0.5066336393356323,0.3592205941677093,0.5381740927696228
2019-01-06,3,94,5,5,4,0.4980410039424896,0.3396732807159424,0.5409961938858032
2019-01-07,3,100,5,5,5,0.4989835321903229,0.3259717226028442,0.5527983903884888
2019-01-08,3,97,5,5,5,0.499011218547821,0.3561143577098846,0.5125049352645874
2019-01-09,3,88,5,5,3,0.4911917448043823,0.3759670555591583,0.5026134252548218
2019-01-12,3,92,5,5,2,0.498956948518753,0.3701591491699219,0.5546025633811951
2019-01-13,3,94,5,5,4,0.6367955207824707,0.5490042567253113,0.6457583904266357
2019-01-14,3,106,6,6,4,0.6464747190475464,0.5479280948638916,0.6750114560127258
2019-01-15,3,100,5,5,4,0.6277036666870117,0.52359938621521,0.6400221586227417
2019-01-16,4,104,6,6,5,0.5789743661880493,0.4443464279174804,0.6220552325248718
2019-01-19,4,92,5,5,2,0.5846379995346069,0.4359511137008667,0.5989921689033508
2019-01-20,4,103,6,6,0,0.5360187292098999,0.3712835311889648,0.6115166544914246
2019-01-21,4,133,7,7,5,0.4966970980167389,0.3570286333560943,0.6147571802139282
2019-01-22,4,108,6,6,5,0.5454698801040649,0.3935818672180176,0.6241714358329773
2019-01-23,4,97,5,5,4,0.530282735824585,0.4021362960338592,0.566274106502533
2019-01-26,4,97,5,5,3,0.4884884059429168,0.3442403376102447,0.5624123215675354
2019-01-27,4,110,6,6,3,0.504096269607544,0.3648663163185119,0.5512310862541199
2019-01-28,4,102,6,6,3,0.598027229309082,0.4919227957725525,0.6170493364334106
2019-01-29,4,104,6,6,5,0.5698742270469666,0.4713232815265655,0.6187841296195984
2019-01-30,4,105,6,6,3,0.5182182192802429,0.3727046847343445,0.5622134208679199
2019-02-02,4,109,6,6,4,0.4921744763851166,0.3377619385719299,0.5767237544059753
2019-02-03,4,110,6,6,5,0.4888576865196228,0.3559619784355163,0.6217116713523865
2019-02-04,4,114,6,6,4,0.4844504296779632,0.3508578240871429,0.5843046307563782
2019-02-05,4,112,6,6,5,0.4616736769676208,0.3121609985828399,0.575137734413147
2019-02-06,4,104,6,6,6,0.4396246373653412,0.3042484223842621,0.4788551926612854
2019-02-10,4,101,6,6,5,0.4456647336483001,0.3067056238651275,0.4812167584896087
2019-02-12,4,98,5,5,4,0.5143164396286011,0.3700999915599823,0.5516330599784851
2019-02-13,4,108,6,6,6,0.5087186098098755,0.3273256719112396,0.6400246620178223
2019-02-16,4,113,6,6,6,0.5360201597213745,0.3407998383045196,0.6531960964202881
2019-02-17,4,118,6,6,6,0.5742912888526917,0.3442698419094085,0.6337710618972778
2019-02-18,4,118,6,6,6,0.5668225884437561,0.3595460653305053,0.6499239802360535
2019-02-19,4,116,6,6,6,0.5054569244384766,0.3437255620956421,0.5517104268074036
2019-02-20,4,105,6,6,6,0.5985121726989746,0.4674517214298248,0.6270437836647034
2019-02-23,4,109,6,6,6,0.619184136390686,0.514797031879425,0.684217095375061
2019-02-24,4,100,5,5,5,0.6445637345314026,0.5589016079902649,0.6560482382774353
2019-02-25,4,110,6,6,6,0.6288067698478699,0.5433411598205566,0.6409516334533691
2019-02-26,4,107,6,6,6,0.5657835006713867,0.4490600228309631,0.5926320552825928
2019-02-27,4,103,6,6,6,0.6580842733383179,0.5885905027389526,0.6724587082862854
2019-03-02,4,110,6,6,4,0.557046115398407,0.463718831539154,0.5856518149375916
2019-03-03,4,103,6,6,6,0.5634575486183167,0.480707436800003,0.5902815461158752
2019-03-04,4,103,6,6,6,0.557506263256073,0.456877201795578,0.5769298672676086
2019-03-05,4,106,6,6,6,0.5575976967811584,0.4455013573169708,0.6017745137214661
2019-03-06,4,112,6,6,6,0.5357420444488525,0.4310530126094818,0.6496963500976562
2019-03-09,4,119,6,6,5,0.5418053865432739,0.4037685096263885,0.5940502285957336
2019-03-10,4,103,6,6,6,0.5955349802970886,0.5079679489135742,0.632296085357666
2019-03-11,4,110,6,6,6,0.5659562945365906,0.4374717473983764,0.5961987376213074
2019-03-12,4,107,6,6,6,0.5717028379440308,0.4375950694084167,0.6112021207809448
2019-03-13,4,104,6,6,6,0.6431669592857361,0.5618647933006287,0.6751551032066345
2019-03-16,4,92,5,5,5,0.6506085991859436,0.5549815893173218,0.6646735072135925
2019-03-17,4,82,5,5,5,0.6051524877548218,0.5150940418243408,0.6239012479782104
2019-03-18,4,81,5,5,5,0.6135572791099548,0.500471830368042,0.6423699259757996
2019-03-19,4,62,4,4,4,0.6082500219345093,0.5188610553741455,0.6329546570777893
2019-03-25,4,65,4,4,4,0.6942132115364075,0.6267443299293518,0.7076643109321594
2019-03-26,4,55,3,3,3,0.8164465427398682,0.7295525074005127,0.8218665719032288
2019-03-27,4,58,3,3,3,0.8195383548736572,0.7131797075271606,0.8226593732833862
2019-03-30,4,41,3,3,3,0.8099262118339539,0.7086795568466187,0.8111914396286011
2019-03-31,4,45,3,3,3,0.812989354133606,0.72922283411026,0.8160609006881714
2019-04-06,4,37,2,2,2,0.8122310042381287,0.7350555658340454,0.8160868287086487
2019-04-07,4,29,2,2,2,0.8131118416786194,0.72822505235672,0.8161145448684692
2019-04-08,4,34,2,2,2,0.8144512176513672,0.7140326499938965,0.8159363269805908
2019-04-09,4,35,2,2,2,0.812518835067749,0.7014968991279602,0.8135252594947815
2019-04-10,4,23,2,2,2,0.7990155816078186,0.7228909134864807,0.7998127937316895
2019-04-13,4,20,1,1,1,0.7969985604286194,0.7322801947593689,0.7969985604286194
2019-04-14,4,16,1,1,1,0.8065377473831177,0.7126904129981995,0.8065377473831177
2019-04-15,4,20,1,1,1,0.8028461933135986,0.7245290875434875,0.8028461933135986
2019-04-16,4,21,2,2,2,0.7624927163124084,0.6722003817558289,0.7679800987243652
2019-04-17,4,27,2,2,2,0.735073447227478,0.6385157704353333,0.7358205914497375
2019-04-20,4,12,1,1,1,0.7726396918296814,0.696671724319458,0.7726396918296814
2019-04-22,4,19,1,1,1,0.7454065680503845,0.6520141959190369,0.7454065680503845
2019-04-23,4,20,1,1,1,0.5810626745223999,0.4534153342247009,0.5810626745223999
2019-04-24,4,19,1,1,1,0.7351955771446228,0.6632237434387207,0.7351955771446228
2019-04-27,4,17,1,1,1,0.7293274998664856,0.6667224764823914,0.7293274998664856
2019-04-28,4,9,1,1,1,0.7238216400146484,0.6639165282249451,0.7238216400146484
2019-04-29,4,10,1,1,1,0.7296938300132751,0.6731864809989929,0.7296938300132751
2019-04-30,4,6,1,1,1,0.7169744372367859,0.6657229065895081,0.7169744372367859
2019-05-01,4,5,1,1,1,0.7154740691184998,0.6885274052619934,0.7154740691184998
2019-05-04,4,5,1,1,1,0.6910313963890076,0.6095597147941589,0.6910313963890076
2019-05-05,4,4,1,1,1,0.6825253963470459,0.6270877718925476,0.6825253963470459
2019-05-06,4,15,1,1,0,0.6290515661239624,0.5505045056343079,0.6290515661239624
2019-05-07,4,22,2,2,2,0.5865230560302734,0.4325848221778869,0.5888603925704956
2019-05-08,4,16,1,1,1,0.5784793496131897,0.458278477191925,0.5784793496131897
2019-05-11,4,24,2,2,2,0.5760793089866638,0.4698910713195801,0.6168327331542969
2019-05-12,4,27,2,2,2,0.5888136029243469,0.4495449662208557,0.6046425104141235
2019-05-13,4,20,1,1,1,0.5597856044769287,0.4475941061973572,0.5597856044769287
2019-05-14,4,14,1,1,1,0.6512629389762878,0.5961188077926636,0.6512629389762878
2019-05-15,4,15,1,1,1,0.6594071388244629,0.6031076908111572,0.6594071388244629
2019-05-18,4,14,1,1,1,0.6802687644958496,0.6174049377441406,0.6802687644958496
2019-05-19,4,13,1,1,1,0.6803542971611023,0.595063328742981,0.6803542971611023
2019-05-20,4,20,1,1,1,0.6329671144485474,0.5670433044433594,0.6329671144485474
2019-05-21,4,13,1,1,1,0.6710243821144104,0.6080243587493896,0.6710243821144104
2019-05-22,4,9,1,1,1,0.6779833436012268,0.620261013507843,0.6779833436012268
2019-05-25,4,13,1,1,1,0.6667380928993225,0.5647241473197937,0.6667380928993225
2019-05-26,4,9,1,1,1,0.6791073083877563,0.6235477328300476,0.6791073083877563
2019-05-28,4,7,1,1,1,0.6714840531349182,0.6106922626495361,0.6714840531349182
2019-05-29,4,13,1,1,1,0.6768555641174316,0.5779301524162292,0.6768555641174316
2019-06-01,4,14,1,1,1,0.6660796403884888,0.5848655104637146,0.6660796403884888
2019-06-02,4,22,2,2,2,0.6774287223815918,0.6231184601783752,0.6827551126480103
2019-06-03,4,32,2,2,2,0.6753669381141663,0.6089555621147156,0.6766009330749512
2019-06-08,4,34,2,2,2,0.6678304076194763,0.6011325120925903,0.6824264526367188
2019-06-09,4,31,2,2,2,0.6722737550735474,0.5975470542907715,0.6725854277610779
2019-06-10,4,32,2,2,2,0.6758064031600952,0.5784298777580261,0.6782670021057129
2019-06-11,4,30,2,2,2,0.6799329519271851,0.6086219549179077,0.6840835213661194
2019-06-12,4,24,2,2,2,0.7232341170310974,0.631662130355835,0.7304461002349854
2019-06-15,4,24,2,2,2,0.6724693179130554,0.6092223525047302,0.678360104560852
2019-06-16,4,21,2,2,2,0.6975029110908508,0.6246950626373291,0.7077134251594543
2019-06-17,4,22,2,2,2,0.5699301362037659,0.4410648643970489,0.5876875519752502
2019-06-18,4,31,2,2,2,0.5866456627845764,0.4393687844276428,0.5868825316429138
2019-06-19,4,38,2,2,2,0.5446162223815918,0.4036239981651306,0.5666402578353882
2019-06-22,4,39,2,2,2,0.5462843179702759,0.4126507043838501,0.5604840517044067
2019-06-23,4,23,2,2,2,0.5376389026641846,0.435774028301239,0.5414019823074341
2019-06-24,4,20,1,1,1,0.5934216976165771,0.4777702689170837,0.5934216976165771
2019-06-25,4,18,1,1,1,0.5924544930458069,0.4893392026424408,0.5924544930458069
2019-06-26,4,19,1,1,1,0.682823896408081,0.593101978302002,0.682823896408081
2019-06-30,4,15,1,1,1,0.6835525035858154,0.6052807569503784,0.6835525035858154
2019-07-01,4,13,1,1,1,0.6573205590248108,0.5802884697914124,0.6573205590248108
2019-07-02,4,10,1,1,1,0.6653403043746948,0.6202378869056702,0.6653403043746948
2019-07-03,4,14,1,1,1,0.6724429726600647,0.612151026725769,0.6724429726600647
2019-07-06,4,17,1,1,1,0.5171690583229065,0.4365198612213135,0.5171690583229065
2019-07-07,4,12,1,1,1,0.5906911492347717,0.539412796497345,0.5906911492347717
2019-07-08,4,10,1,1,1,0.5951499938964844,0.5473354458808899,0.5951499938964844
2019-07-09,4,8,1,1,1,0.5611856579780579,0.5366508960723877,0.5611856579780579
2019-07-10,4,11,1,1,1,0.575478196144104,0.5186135768890381,0.575478196144104
2019-07-13,4,16,1,1,1,0.5992047190666199,0.5207204818725586,0.5992047190666199
2019-07-14,4,18,1,1,1,0.5935366153717041,0.5154291391372681,0.5935366153717041
2019-07-15,4,30,2,2,2,0.4959277510643005,0.3500643670558929,0.5235013961791992
2019-07-16,4,56,3,3,3,0.5421556234359741,0.4101289212703705,0.5912032127380371
2019-07-17,4,49,3,3,3,0.5128250122070312,0.3422921895980835,0.5797215700149536
2019-07-20,4,46,3,3,3,0.531856119632721,0.3531498908996582,0.5825737118721008
2019-07-21,4,40,2,2,2,0.4588741064071655,0.3662886619567871,0.483803391456604
2019-07-22,4,50,3,3,3,0.5057283639907837,0.3668872416019439,0.521532416343689
2019-07-23,4,68,4,4,4,0.5117146968841553,0.373653769493103,0.5281478762626648
2019-07-24,4,63,4,4,4,0.4830298721790313,0.3638692200183868,0.5788190364837646
2019-07-27,4,63,4,4,4,0.4903436005115509,0.3790069818496704,0.6151584982872009
2019-07-28,4,63,4,4,3,0.4626406133174896,0.3813841938972473,0.5719482898712158
2019-07-29,4,69,4,4,4,0.4915044009685516,0.3711811006069183,0.546878457069397
2019-07-30,4,63,4,4,4,0.5112892389297485,0.4421508014202118,0.5344147086143494
2019-07-31,4,53,3,3,3,0.5453758239746094,0.4768436253070831,0.5639714002609253
2019-08-03,4,52,3,3,3,0.5880393981933594,0.5211113095283508,0.5932506322860718
2019-08-04,4,38,2,2,2,0.5953306555747986,0.5335798859596252,0.5987839698791504
2019-08-05,4,39,2,2,2,0.626731276512146,0.5557134747505188,0.6396061182022095
2019-08-06,4,43,3,3,3,0.5676051378250122,0.4815563261508941,0.5973888039588928
2019-08-07,4,40,2,2,2,0.5579266548156738,0.4984431564807892,0.5603599548339844
2019-08-10,4,39,2,2,2,0.5601165294647217,0.497057169675827,0.5617260336875916
2019-08-11,4,36,2,2,2,0.5362937450408936,0.4787161350250244,0.5457545518875122
2019-08-13,4,33,2,2,2,0.6235488653182983,0.5576901435852051,0.6262899041175842
2019-08-14,4,30,2,2,2,0.8318332433700562,0.7210025787353516,0.8347606062889099
2019-08-17,4,27,2,2,2,0.806939959526062,0.7298829555511475,0.8078598380088806
2019-08-18,4,37,2,2,2,0.7605236172676086,0.6586787700653076,0.7629768252372742
2019-08-19,4,32,2,2,2,0.8154336214065552,0.7135206460952759,0.8156106472015381
2019-08-21,4,19,1,1,1,0.8326779007911682,0.7388067841529846,0.8326779007911682
2019-08-24,4,18,1,1,1,0.7933535575866699,0.6982606649398804,0.7933535575866699
2019-08-25,4,22,2,2,2,0.7763140797615051,0.6792184710502625,0.7770065665245056
2019-08-26,4,17,1,1,1,0.8209947347640991,0.7626273036003113,0.8209947347640991
2019-08-27,4,26,2,2,2,0.826262354850769,0.7392079830169678,0.8274393081665039
2019-08-28,4,25,2,2,2,0.8039456009864807,0.7127896547317505,0.8057600855827332
2019-08-31,4,20,1,1,1,0.8141863346099854,0.7112836837768555,0.8141863346099854
2019-09-01,4,17,1,1,1,0.818001925945282,0.7049090266227722,0.818001925945282
2019-09-02,4,16,1,1,1,0.5669044852256775,0.4673017263412475,0.5669044852256775
2019-09-03,4,21,2,2,1,0.591307520866394,0.5291744470596313,0.5914766192436218
2019-09-04,4,17,1,1,1,0.6941717863082886,0.6329280138015747,0.6941717863082886
2019-09-07,4,8,1,1,1,0.6768806576728821,0.6235150694847107,0.6768806576728821
2019-09-08,4,6,1,1,1,0.6797996759414673,0.6233360767364502,0.6797996759414673
2019-09-11,4,5,1,1,0,0.6842595934867859,0.6225888729095459,0.6842595934867859
2019-09-14,4,1,1,1,1,0.6738668084144592,0.6738668084144592,0.6738668084144592
2019-09-15,4,1,1,1,1,0.6419495940208435,0.6419495940208435,0.6419495940208435
2019-09-16,4,8,1,1,0,0.6845523715019226,0.6054056882858276,0.6845523715019226
2019-09-17,4,12,1,1,1,0.6222339272499084,0.5605754256248474,0.6222339272499084
2019-09-18,4,16,1,1,1,0.5701358914375305,0.459949254989624,0.5701358914375305
2019-09-21,4,13,1,1,1,0.5630444884300232,0.4688942432403564,0.5630444884300232
2019-09-22,4,4,1,1,0,0.6501458883285522,0.6124351024627686,0.6501458883285522
2019-09-23,4,7,1,1,1,0.6548507809638977,0.615976095199585,0.6548507809638977
2019-09-24,4,13,1,1,1,0.660956621170044,0.5837851166725159,0.660956621170044
2019-09-25,4,12,1,1,0,0.6870368123054504,0.6157580018043518,0.6870368123054504
2019-09-28,4,11,1,1,0,0.6736111044883728,0.5756046772003174,0.6736111044883728
2019-09-29,4,15,1,1,0,0.6731048822402954,0.5799202919006348,0.6731048822402954
2019-09-30,4,17,1,1,0,0.6761007905006409,0.603094756603241,0.6761007905006409
2019-10-01,4,15,1,1,0,0.6552286744117737,0.5849688649177551,0.6552286744117737
2019-10-02,4,17,1,1,0,0.6290063261985779,0.5569561719894409,0.6290063261985779
2019-10-05,4,18,1,1,0,0.6510152816772461,0.5959370136260986,0.6510152816772461
2019-10-06,4,24,2,2,1,0.5878739356994629,0.475489467382431,0.6055914759635925
2019-10-07,4,22,2,2,0,0.5797288417816162,0.4441578090190887,0.5922520160675049
2019-10-08,4,30,2,2,1,0.584649920463562,0.4515532553195953,0.6014377474784851
2019-10-09,4,27,2,2,1,0.5456883907318115,0.3832091689109802,0.5760971903800964
2019-10-12,4,24,2,2,1,0.513960063457489,0.406281441450119,0.5386638045310974
2019-10-13,4,30,2,2,0,0.5005165934562683,0.3732025027275085,0.5270419120788574
2019-10-14,4,39,2,2,0,0.5955245494842529,0.4272316396236419,0.5983896851539612
2019-10-15,4,40,2,2,1,0.6759265661239624,0.4689929187297821,0.708175003528595
2019-10-16,4,51,3,3,2,0.7063179612159729,0.4599942564964294,0.7280019521713257
2019-10-20,4,53,3,3,3,0.6825164556503296,0.4570201337337494,0.7024893760681152
2019-10-21,4,58,3,3,3,0.669472873210907,0.4381853342056274,0.6723194718360901
2019-10-22,4,55,3,3,3,0.6541547775268555,0.4278199374675751,0.6613947153091431
2019-10-23,4,62,4,4,4,0.6559849381446838,0.419606477022171,0.6659236550331116
2019-10-26,4,70,4,4,4,0.6507598161697388,0.4132433533668518,0.6682420372962952
2019-10-28,4,55,3,3,3,0.57741379737854,0.4365682303905487,0.6223734021186829
2019-10-30,4,47,3,3,3,0.4997502565383911,0.3917553424835205,0.5137045383453369
2019-11-02,4,56,3,3,3,0.4918107688426971,0.3736088871955871,0.5174921751022339
2019-11-03,4,55,3,3,3,0.4788333177566528,0.3694148361682892,0.4850145578384399
2019-11-04,4,68,4,4,4,0.4818540215492248,0.3643785715103149,0.5322224497795105
2019-11-05,4,67,4,4,3,0.4617462158203125,0.3601520359516144,0.486126571893692
2019-11-09,4,75,4,4,4,0.4767683744430542,0.3034816086292267,0.5667004585266113
2019-11-10,4,76,4,4,4,0.4901348948478699,0.3169058263301849,0.5233251452445984
2019-11-11,4,69,4,4,4,0.5035859942436218,0.3144779503345489,0.5638700723648071
2019-11-12,4,64,4,4,4,0.4977919161319732,0.3929736912250519,0.5277363657951355
2019-11-13,4,61,4,4,4,0.4864486157894134,0.4047644138336181,0.5157156586647034
2019-11-16,4,60,3,3,3,0.4944866597652435,0.3732092976570129,0.4995439648628235
2019-11-17,4,115,6,6,6,0.5461441874504089,0.3810679912567138,0.5808530449867249
2019-11-18,4,122,7,7,7,0.5148542523384094,0.3438971638679504,0.5723260641098022
2019-11-19,4,122,7,7,7,0.4325654208660126,0.329616516828537,0.4894912242889404
2019-11-20,4,139,7,7,7,0.4754649996757507,0.3821645975112915,0.5061153173446655
2019-11-23,4,149,8,8,8,0.493450254201889,0.3941982388496399,0.5155500173568726
2019-11-24,4,129,7,7,7,0.5209612846374512,0.4422073364257812,0.5505515336990356
2019-11-25,4,79,4,4,4,0.6440669894218445,0.5447573065757751,0.6552630662918091
2019-11-26,4,65,4,4,4,0.6289796233177185,0.549495279788971,0.6388460993766785
2019-11-27,4,59,3,3,2,0.6478994488716125,0.5809021592140198,0.6559489965438843
2019-11-30,4,42,3,3,3,0.6564396619796753,0.5794258117675781,0.6605740189552307
2019-12-01,4,31,2,2,2,0.670925498008728,0.6052924990653992,0.6718733906745911
2019-12-02,4,39,2,2,2,0.6591314673423767,0.5903494358062744,0.6756482124328613
2019-12-03,4,35,2,2,2,0.6967843174934387,0.6341903209686279,0.6974246501922607
2019-12-04,4,28,2,2,2,0.6921157240867615,0.6261776685714722,0.6930863261222839
2019-12-07,4,23,2,2,2,0.6912358403205872,0.6153591275215149,0.6920487284660339
2019-12-08,4,14,1,1,1,0.6938311457633972,0.637326717376709,0.6938311457633972
2019-12-09,4,12,1,1,1,0.699152946472168,0.6393335461616516,0.699152946472168
2019-12-10,4,19,1,1,1,0.6952853202819824,0.639110803604126,0.6952853202819824
2019-12-11,4,14,1,1,1,0.6889266967773438,0.6414009928703308,0.6889266967773438
2019-12-14,4,12,1,1,1,0.6933902502059937,0.630549430847168,0.6933902502059937
2019-12-15,4,15,1,1,1,0.8123498558998108,0.7177107334136963,0.8123498558998108
2019-12-16,4,18,1,1,1,0.8117616772651672,0.723333477973938,0.8117616772651672
2019-12-17,4,18,1,1,1,0.8027116656303406,0.7324496507644653,0.8027116656303406
2019-12-18,4,9,1,1,1,0.7805492281913757,0.7191174626350403,0.7805492281913757
2019-12-21,4,9,1,1,1,0.7980392575263977,0.7535420060157776,0.7980392575263977
2019-12-22,4,4,1,1,1,0.7985972166061401,0.7702394127845764,0.7985972166061401
2019-12-23,4,8,1,1,1,0.7543996572494507,0.7156088948249817,0.7543996572494507
2019-12-24,4,4,1,1,1,0.7757620215415955,0.7359207272529602,0.7757620215415955
2019-12-25,4,6,1,1,1,0.7615575790405273,0.7186465263366699,0.7615575790405273
2019-12-28,4,5,1,1,1,0.8172352910041809,0.804701566696167,0.8172352910041809
2019-12-29,4,4,1,1,1,0.7956582903862,0.780409574508667,0.7956582903862
2019-12-30,4,3,1,1,1,0.8051765561103821,0.7965932488441467,0.8051765561103821
2019-12-31,4,4,1,1,1,0.7721632719039917,0.754636824131012,0.7721632719039917
2020-01-01,4,3,1,1,1,0.8193182349205017,0.7964097857475281,0.8193182349205017
2020-01-04,4,9,1,1,1,0.5629091858863831,0.4793511629104614,0.5629091858863831
2020-01-05,5,15,1,1,1,0.7028113007545471,0.5552730560302734,0.7028113007545471
2020-01-07,5,39,2,2,2,0.568289041519165,0.4486077725887298,0.5737444162368774
2020-01-08,5,41,3,3,3,0.6081538796424866,0.535045325756073,0.6344512701034546
2020-01-11,5,28,2,2,2,0.6305353045463562,0.611407995223999,0.6411101222038269
2020-01-12,5,16,1,1,1,0.7024393081665039,0.6692143082618713,0.7024393081665039
2020-01-13,5,4,1,1,1,0.6952624917030334,0.6900110840797424,0.6952624917030334
2020-01-14,5,4,1,1,1,0.7828906774520874,0.772372841835022,0.7828906774520874
2020-01-15,5,4,1,1,1,0.7792364358901978,0.7710043787956238,0.7792364358901978
2020-01-18,5,2,1,1,1,0.7666322588920593,0.7236557602882385,0.7666322588920593
2020-01-19,5,1,1,1,1,0.6823591589927673,0.6823591589927673,0.6823591589927673
2020-01-20,5,2,1,1,0,0.7915138006210327,0.7319533228874207,0.7915138006210327
2020-01-21,5,2,1,1,0,0.7763041853904724,0.7317020297050476,0.7763041853904724
2020-01-22,5,3,1,1,1,0.7746877670288086,0.7700514197349548,0.7746877670288086
2020-01-25,5,1,1,1,0,0.7477323412895203,0.7477323412895203,0.7477323412895203
2020-01-26,5,4,1,1,1,0.7600809335708618,0.7440842390060425,0.7600809335708618
2020-01-27,5,5,1,1,1,0.770753026008606,0.757685124874115,0.770753026008606
2020-01-28,5,2,1,1,1,0.7761483788490295,0.7650185823440552,0.7761483788490295
2020-02-01,5,1,1,1,1,0.667302668094635,0.667302668094635,0.667302668094635
2020-02-02,5,1,1,1,1,0.7358998656272888,0.7358998656272888,0.7358998656272888
2020-02-03,5,1,1,1,1,0.8107603192329407,0.8107603192329407,0.8107603192329407
2020-02-04,5,6,1,1,1,0.7309843897819519,0.6521292328834534,0.7309843897819519
2020-02-05,5,4,1,1,1,0.6908756494522095,0.6432433724403381,0.6908756494522095
2020-02-08,5,5,1,1,1,0.7094535827636719,0.6468498706817627,0.7094535827636719
2020-02-09,5,6,1,1,1,0.6845188736915588,0.6052324771881104,0.6845188736915588
2020-02-10,5,10,1,1,1,0.736129105091095,0.7058356404304504,0.736129105091095
2020-02-12,5,7,1,1,1,0.7213161587715149,0.6515107750892639,0.7213161587715149
2020-02-15,5,8,1,1,1,0.7246670722961426,0.6506420373916626,0.7246670722961426
2020-02-16,5,7,1,1,1,0.7370527386665344,0.6488143801689148,0.7370527386665344
2020-02-17,5,6,1,1,1,0.7146466374397278,0.6418126225471497,0.7146466374397278
2020-02-18,5,5,1,1,1,0.8053962588310242,0.7192638516426086,0.8053962588310242
2020-02-19,5,4,1,1,1,0.7604572176933289,0.6973869204521179,0.7604572176933289
2020-02-22,5,3,1,1,1,0.7622807621955872,0.7138550281524658,0.7622807621955872
2020-02-23,5,1,1,1,0,0.6917884945869446,0.6917884945869446,0.6917884945869446
2020-02-24,5,2,1,1,1,0.7659931778907776,0.7000344395637512,0.7659931778907776
2020-02-26,5,3,1,1,1,0.7091707587242126,0.4977959096431732,0.7091707587242126
2020-02-29,5,7,1,1,1,0.6555901169776917,0.5766797065734863,0.6555901169776917
2020-03-01,5,4,1,1,0,0.8044717907905579,0.724519670009613,0.8044717907905579
2020-03-02,5,2,1,1,0,0.8057795763015747,0.7309256792068481,0.8057795763015747
2020-03-03,5,2,1,1,0,0.7729290127754211,0.7005307674407959,0.7729290127754211
2020-03-04,5,4,1,1,0,0.7841162085533142,0.6879900097846985,0.7841162085533142
2020-03-07,5,4,1,1,0,0.6328514218330383,0.5846593379974365,0.6328514218330383
2020-03-09,5,11,1,1,1,0.7407428026199341,0.6474862694740295,0.7407428026199341
2020-03-10,5,14,1,1,1,0.6555940508842468,0.5260568261146545,0.6555940508842468
2020-03-11,5,7,1,1,1,0.7330120801925659,0.6510904431343079,0.7330120801925659
2020-03-14,5,12,1,1,1,0.7082582116127014,0.6189361214637756,0.7082582116127014
2020-03-15,5,16,1,1,1,0.5845885872840881,0.46592578291893,0.5845885872840881
2020-03-16,5,21,2,2,2,0.6758171916007996,0.6128764152526855,0.683556854724884
2020-03-17,5,25,2,2,2,0.6585915088653564,0.5513206720352173,0.6596411466598511
2020-03-18,5,17,1,1,1,0.7532112002372742,0.6916115283966064,0.7532112002372742
2020-03-24,5,23,2,2,2,0.8190817832946777,0.6527376174926758,0.820732057094574
2020-03-25,5,10,1,1,1,0.8287208080291748,0.7544645071029663,0.8287208080291748
2020-03-28,5,6,1,1,1,0.8057908415794373,0.7615948915481567,0.8057908415794373
2020-03-29,5,9,1,1,1,0.8183594346046448,0.693272590637207,0.8183594346046448
2020-03-30,5,11,1,1,1,0.8212404847145081,0.7234823107719421,0.8212404847145081
2020-04-04,5,5,1,1,1,0.8100973963737488,0.7901833653450012,0.8100973963737488
2020-04-05,5,7,1,1,1,0.8183684349060059,0.7936559319496155,0.8183684349060059
2020-04-06,5,7,1,1,1,0.8085390329360962,0.7632458209991455,0.8085390329360962
2020-04-07,5,5,1,1,1,0.8288666009902954,0.8027811646461487,0.8288666009902954
2020-04-08,5,3,1,1,1,0.8196538686752319,0.799949049949646,0.8196538686752319
2020-04-11,5,3,1,1,1,0.8307157754898071,0.8002957701683044,0.8307157754898071
2020-04-12,5,1,1,1,1,0.8059912919998169,0.8059912919998169,0.8059912919998169
2020-04-13,5,1,1,1,1,0.7696382403373718,0.7696382403373718,0.7696382403373718
2020-04-14,5,7,1,1,1,0.6426049470901489,0.55490642786026,0.6426049470901489
2020-04-15,5,3,1,1,1,0.8094802498817444,0.7816978096961975,0.8094802498817444
2020-04-18,5,4,1,1,1,0.6535380482673645,0.6018377542495728,0.6535380482673645
2020-04-19,5,9,1,1,1,0.7650529146194458,0.676322877407074,0.7650529146194458
2020-04-20,5,4,1,1,1,0.7371832132339478,0.7061555981636047,0.7371832132339478
2020-04-21,5,3,1,1,1,0.7630727887153625,0.7445113062858582,0.7630727887153625
2020-04-22,5,2,1,1,1,0.758192777633667,0.7409941554069519,0.758192777633667
2020-04-25,5,1,1,1,1,0.738917887210846,0.738917887210846,0.738917887210846
2020-04-26,5,1,1,1,1,0.743270993232727,0.743270993232727,0.743270993232727
2020-04-27,5,1,1,1,1,0.7537146806716919,0.7537146806716919,0.7537146806716919
2020-04-28,5,1,1,1,1,0.7482199668884277,0.7482199668884277,0.7482199668884277
2020-05-02,5,1,1,1,0,0.7421865463256836,0.7421865463256836,0.7421865463256836
2020-05-03,5,1,1,1,0,0.7210255265235901,0.7210255265235901,0.7210255265235901
2020-05-04,5,1,1,1,0,0.7569732666015625,0.7569732666015625,0.7569732666015625
2020-05-05,5,1,1,1,0,0.6287201642990112,0.6287201642990112,0.6287201642990112
2020-05-06,5,2,1,1,0,0.7466555833816528,0.7404997944831848,0.7466555833816528
2020-05-09,5,3,1,1,0,0.7555076479911804,0.6800884008407593,0.7555076479911804
2020-05-10,5,5,1,1,1,0.7341629266738892,0.6802746057510376,0.7341629266738892
2020-05-11,5,6,1,1,1,0.7022967338562012,0.6683041453361511,0.7022967338562012
2020-05-12,5,7,1,1,1,0.698311984539032,0.6299759149551392,0.698311984539032
2020-05-13,5,12,1,1,1,0.7369584441184998,0.6151407361030579,0.7369584441184998
2020-05-16,5,17,1,1,1,0.7217199802398682,0.5844134092330933,0.7217199802398682
2020-05-17,5,15,1,1,1,0.7552033066749573,0.6243186593055725,0.7552033066749573
2020-05-18,5,10,1,1,1,0.7331317663192749,0.6901353597640991,0.7331317663192749
2020-05-19,5,13,1,1,1,0.7408311367034912,0.6466630697250366,0.7408311367034912
2020-05-20,5,16,1,1,1,0.6840668320655823,0.584834098815918,0.6840668320655823
2020-05-23,5,19,1,1,1,0.7775247693061829,0.6693472266197205,0.7775247693061829
2020-05-26,5,17,1,1,1,0.6540058255195618,0.523398220539093,0.6540058255195618
2020-05-27,5,15,1,1,1,0.6981508135795593,0.5312355756759644,0.6981508135795593
2020-05-30,5,15,1,1,1,0.6913388967514038,0.5969457030296326,0.6913388967514038
2020-05-31,5,18,1,1,1,0.7449713349342346,0.6030448079109192,0.7449713349342346
2020-06-01,5,14,1,1,1,0.709648609161377,0.6572901606559753,0.709648609161377
2020-06-02,5,16,1,1,1,0.7630342841148376,0.6918527483940125,0.7630342841148376
2020-06-06,5,18,1,1,1,0.7558057308197021,0.6645703315734863,0.7558057308197021
2020-06-07,5,18,1,1,1,0.8134530782699585,0.7692402005195618,0.8134530782699585
2020-06-08,5,13,1,1,1,0.821353018283844,0.7698100805282593,0.821353018283844
2020-06-09,5,13,1,1,1,0.8162369132041931,0.7429678440093994,0.8162369132041931
2020-06-10,5,10,1,1,1,0.8164912462234497,0.7688599228858948,0.8164912462234497
2020-06-13,5,10,1,1,1,0.8148106932640076,0.7872190475463867,0.8148106932640076
2020-06-14,5,6,1,1,1,0.7846061587333679,0.7120539546012878,0.7846061587333679
2020-06-15,5,8,1,1,1,0.7858781814575195,0.7493057250976562,0.7858781814575195
2020-06-16,5,5,1,1,1,0.783333420753479,0.760378360748291,0.783333420753479
2020-06-20,5,7,1,1,1,0.7827377319335938,0.7529033422470093,0.7827377319335938
2020-06-21,5,6,1,1,1,0.7471327185630798,0.7298775315284729,0.7471327185630798
2020-06-22,5,4,1,1,1,0.7857716083526611,0.7570862770080566,0.7857716083526611
2020-06-23,5,9,1,1,1,0.7832436561584473,0.6149495244026184,0.7832436561584473
2020-06-24,5,11,1,1,0,0.6573214530944824,0.50963294506073,0.6573214530944824
2020-06-27,5,16,1,1,1,0.7495417594909668,0.5802047252655029,0.7495417594909668
2020-06-28,5,27,2,2,2,0.6642991304397583,0.489818662405014,0.6646592020988464
2020-06-29,5,25,2,2,2,0.648561954498291,0.4448441565036773,0.6583688259124756
2020-06-30,5,14,1,1,1,0.6436806917190552,0.5487608313560486,0.6436806917190552
2020-07-01,5,15,1,1,1,0.6471924185752869,0.5393133163452148,0.6471924185752869
2020-07-04,5,17,1,1,1,0.6353920102119446,0.4792497754096985,0.6353920102119446
2020-07-05,5,12,1,1,1,0.6403262615203857,0.5906606316566467,0.6403262615203857
2020-07-06,5,7,1,1,1,0.6672242879867554,0.6211774349212646,0.6672242879867554
2020-07-07,5,12,1,1,1,0.6216957569122314,0.524109959602356,0.6216957569122314
2020-07-08,5,21,2,2,1,0.7026179432868958,0.6022084355354309,0.7052851319313049
2020-07-11,5,23,2,2,2,0.7380638718605042,0.5372791886329651,0.7449989914894104
2020-07-12,5,23,2,2,1,0.7551954388618469,0.5943108201026917,0.7555295825004578
2020-07-13,5,27,2,2,1,0.7453396320343018,0.5546873211860657,0.7454107999801636
2020-07-14,5,27,2,2,1,0.7074838280677795,0.5580502152442932,0.7077945470809937
2020-07-15,5,20,1,1,1,0.7572518587112427,0.5565583109855652,0.7572518587112427
2020-07-18,5,15,1,1,1,0.7755317091941833,0.60358726978302,0.7755317091941833
2020-07-19,5,15,1,1,1,0.8008502125740051,0.6984831094741821,0.8008502125740051
2020-07-20,5,14,1,1,0,0.8221086263656616,0.6434933543205261,0.8221086263656616
2020-07-21,5,19,1,1,0,0.8136248588562012,0.6360978484153748,0.8136248588562012
2020-07-22,5,21,2,2,2,0.7852398157119751,0.5949271321296692,0.7874027490615845
2020-07-25,5,20,1,1,0,0.7234377264976501,0.5870742797851562,0.7234377264976501
2020-07-26,5,23,2,2,1,0.7453080415725708,0.601614236831665,0.7501854300498962
2020-07-27,5,26,2,2,2,0.7334961295127869,0.585710883140564,0.7365639209747314
2020-07-28,5,27,2,2,1,0.7333261370658875,0.6000001430511475,0.7454232573509216
2020-07-29,5,23,2,2,1,0.5825656056404114,0.5352080464363098,0.5877513289451599
2020-08-01,5,15,1,1,1,0.6255853176116943,0.5790621638298035,0.6255853176116943
2020-08-02,5,18,1,1,0,0.6904131174087524,0.5990518927574158,0.6904131174087524
2020-08-03,5,24,2,2,0,0.7386752963066101,0.6493654847145081,0.741255521774292
2020-08-04,5,24,2,2,1,0.7360798120498657,0.6088851094245911,0.7400778532028198
2020-08-05,5,21,2,2,1,0.754706084728241,0.627204954624176,0.7553666234016418
2020-08-09,5,36,2,2,0,0.7661622762680054,0.5325606465339661,0.7664085030555725
2020-08-10,5,45,3,3,0,0.6762792468070984,0.554323673248291,0.6843587756156921
2020-08-11,5,52,3,3,0,0.7208443880081177,0.5873929262161255,0.7282907366752625
2020-08-12,5,56,3,3,0,0.7454598546028137,0.6059801578521729,0.7472320795059204
2020-08-15,5,56,3,3,0,0.6538615822792053,0.4916839897632599,0.6559516191482544
2020-08-16,5,61,4,4,0,0.6152796745300293,0.4368393123149872,0.6339033842086792
2020-08-17,5,59,3,3,0,0.5154470801353455,0.3594790995121002,0.5446437001228333
2020-08-18,5,60,3,3,0,0.6379858255386353,0.5124439001083374,0.6394600868225098
2020-08-19,5,70,4,4,0,0.6103653311729431,0.4359506666660309,0.6380641460418701
2020-08-22,5,75,4,4,1,0.6357941031455994,0.4826525747776031,0.6621677279472351
2020-08-23,5,71,4,4,0,0.6373583078384399,0.4974903166294098,0.6565316915512085
2020-08-24,5,69,4,4,2,0.6173944473266602,0.493014246225357,0.6596552729606628
2020-08-25,5,76,4,4,0,0.5713980197906494,0.4633974134922027,0.6040482521057129
2020-08-26,5,79,4,4,0,0.5967562794685364,0.5214626789093018,0.6064236164093018
2020-08-31,5,62,4,4,0,0.6151728630065918,0.5052793025970459,0.6512967944145203
2020-09-01,5,57,3,3,0,0.626803994178772,0.4833232164382934,0.6419170498847961
2020-09-02,5,65,4,4,1,0.624701201915741,0.4951556324958801,0.6503779292106628
2020-09-05,5,63,4,4,0,0.5872274041175842,0.4463517963886261,0.6138877868652344
2020-09-06,5,66,4,4,2,0.6587993502616882,0.4853003025054931,0.6763366460800171
2020-09-07,5,57,3,3,2,0.6660299301147461,0.4803383648395538,0.6715482473373413
2020-09-08,5,55,3,3,2,0.6201894283294678,0.4897976219654083,0.6447612047195435
2020-09-09,5,60,3,3,2,0.7033534049987793,0.5188606977462769,0.7110705971717834
2020-09-12,5,54,3,3,1,0.6519984602928162,0.4909401535987854,0.6602421402931213
2020-09-13,5,53,3,3,3,0.6745602488517761,0.5004083514213562,0.6887498497962952
2020-09-14,5,53,3,3,2,0.626828134059906,0.4946534931659698,0.6409027576446533
2020-09-15,5,58,3,3,0,0.6540181636810303,0.5277161598205566,0.6563094854354858
2020-09-16,5,58,3,3,1,0.6314238905906677,0.4853842556476593,0.6419219374656677
2020-09-19,5,51,3,3,0,0.612232506275177,0.4763068556785583,0.6259498596191406
2020-09-20,5,62,4,4,4,0.7002573013305664,0.5049580335617065,0.7224580645561218
2020-09-21,5,65,4,4,3,0.6774832606315613,0.5102105736732483,0.701587975025177
2020-09-22,5,64,4,4,3,0.6648849248886108,0.5211932063102722,0.6771686673164368
2020-09-23,5,52,3,3,3,0.6351062655448914,0.5023820400238037,0.647127628326416
2020-09-26,5,54,3,3,2,0.6505928039550781,0.5351194739341736,0.6632996797561646
2020-09-27,5,60,3,3,3,0.6752142310142517,0.5312908291816711,0.7127187848091125
2020-09-28,5,55,3,3,2,0.6574582457542419,0.5310019850730896,0.6614781022071838
2020-09-29,5,62,4,4,2,0.6894005537033081,0.5675615072250366,0.7017565369606018
2020-09-30,5,60,3,3,2,0.6336526274681091,0.511899471282959,0.6405409574508667
2020-10-03,5,62,4,4,1,0.6922010779380798,0.5551238059997559,0.6983078718185425
2020-10-04,5,71,4,4,4,0.6793175935745239,0.525057852268219,0.6855120062828064
2020-10-05,5,70,4,4,2,0.62307208776474,0.4933327138423919,0.6411733031272888
2020-10-06,5,59,3,3,1,0.6341280341148376,0.5032584071159363,0.6503618359565735
2020-10-07,5,71,4,4,1,0.6473954916000366,0.533284604549408,0.6598444581031799
2020-10-10,5,71,4,4,1,0.6652674674987793,0.5255089998245239,0.6669647693634033
2020-10-11,5,63,4,4,2,0.6462048888206482,0.5476140379905701,0.6507474184036255
2020-10-12,5,59,3,3,2,0.6062241792678833,0.530279815196991,0.613895058631897
2020-10-13,5,63,4,4,2,0.6385068893432617,0.4978346824645996,0.6530313491821289
2020-10-14,5,70,4,4,0,0.648119330406189,0.515192985534668,0.6624497771263123
2020-10-18,5,77,4,4,1,0.6932433247566223,0.5086523294448853,0.7039130926132202
2020-10-19,5,76,4,4,0,0.6997959613800049,0.513892412185669,0.714087724685669
2020-10-20,5,74,4,4,1,0.7033356428146362,0.5089741945266724,0.7351638078689575
2020-10-21,5,74,4,4,1,0.6697112917900085,0.5335910320281982,0.6844752430915833
2020-10-24,5,77,4,4,2,0.6820332407951355,0.5016893148422241,0.6872702836990356
2020-10-26,5,85,5,5,3,0.6741122007369995,0.5005666017532349,0.7007613182067871
2020-10-27,5,84,5,5,4,0.6893280744552612,0.5085243582725525,0.7108712792396545
2020-10-28,5,86,5,5,3,0.6601627469062805,0.5137997269630432,0.6827818155288696
2020-10-31,5,111,6,6,3,0.6261122226715088,0.5296629667282104,0.649925947189331
2020-11-01,5,124,7,7,7,0.6801947355270386,0.5121084451675415,0.7041420340538025
2020-11-02,5,104,6,6,6,0.6289038062095642,0.5167281627655029,0.6557705998420715
2020-11-04,5,108,6,6,3,0.6557187438011169,0.5333814024925232,0.6794847846031189
2020-11-07,5,104,6,6,6,0.6765724420547485,0.5240103602409363,0.6979904770851135
2020-11-08,5,100,5,5,5,0.6587622165679932,0.5068769454956055,0.6933962106704712
2020-11-09,5,84,5,5,5,0.661071240901947,0.5226485729217529,0.6720752716064453
2020-11-10,5,81,5,5,5,0.6631619930267334,0.5133795142173767,0.6798198223114014
2020-11-11,5,83,5,5,5,0.6236758828163147,0.5142362713813782,0.6342548131942749
2020-11-14,5,87,5,5,5,0.6600897312164307,0.5115026831626892,0.6771048307418823
2020-11-15,5,87,5,5,5,0.6485943794250488,0.5383816957473755,0.6528516411781311
2020-11-16,5,88,5,5,5,0.6129497289657593,0.4923568069934845,0.6257079243659973
2020-11-17,5,93,5,5,5,0.64918452501297,0.515137255191803,0.6622025370597839
2020-11-18,5,97,5,5,5,0.6237590312957764,0.5191037654876709,0.6380202174186707
2020-11-21,5,95,5,5,5,0.5701749324798584,0.4705313146114349,0.5878170728683472
2020-11-22,5,72,4,4,4,0.6117165088653564,0.5095160603523254,0.6173360347747803
2020-11-23,5,74,4,4,4,0.6299841403961182,0.5293186902999878,0.6356860399246216
2020-11-24,5,76,4,4,4,0.6128743290901184,0.5086451172828674,0.6274827122688293
2020-11-25,5,60,3,3,3,0.6244654059410095,0.5370626449584961,0.6307042837142944
2020-11-28,5,57,3,3,3,0.6228744983673096,0.5470914244651794,0.6265191435813904
2020-11-29,5,68,4,4,3,0.5780165791511536,0.5030040740966797,0.5891812443733215
2020-11-30,5,58,3,3,2,0.66986083984375,0.5710020065307617,0.6742339134216309
2020-12-01,5,57,3,3,3,0.684788703918457,0.5867801308631897,0.686741828918457
2020-12-02,5,59,3,3,2,0.6804046034812927,0.5745325088500977,0.6872310638427734
2020-12-05,5,38,2,2,2,0.722700834274292,0.6309446096420288,0.7253713607788086
2020-12-06,5,37,2,2,2,0.7541496753692627,0.6405467391014099,0.7543438076972961
2020-12-07,5,43,3,3,2,0.6237654685974121,0.52403324842453,0.6392062306404114
2020-12-08,5,37,2,2,2,0.7128533124923706,0.6278501749038696,0.713096022605896
2020-12-09,5,36,2,2,2,0.8010706305503845,0.7250052094459534,0.8019517064094543
2020-12-12,5,38,2,2,1,0.8123182058334351,0.6884504556655884,0.8128126859664917
2020-12-13,5,40,2,2,1,0.6526910066604614,0.5566210150718689,0.6538833379745483
2020-12-14,5,45,3,3,1,0.5570791959762573,0.464251160621643,0.5586572885513306
2020-12-15,5,49,3,3,3,0.6204371452331543,0.485757976770401,0.626541793346405
2020-12-16,5,53,3,3,2,0.5549081563949585,0.4292385876178741,0.5563282370567322
2020-12-19,5,48,3,3,2,0.5604893565177917,0.4822106063365936,0.5680750012397766
2020-12-20,5,57,3,3,0,0.4921415150165558,0.3878259360790252,0.5040361285209656
2020-12-21,5,52,3,3,1,0.6348673701286316,0.5151989459991455,0.6414107084274292
2020-12-22,5,47,3,3,0,0.7352375388145447,0.6297878623008728,0.7421543002128601
2020-12-23,5,39,2,2,2,0.7899020314216614,0.6348925232887268,0.7905886173248291
2020-12-26,5,39,2,2,0,0.8194040656089783,0.6349769234657288,0.8194040656089783
2020-12-27,5,43,3,3,2,0.7069709897041321,0.5980000495910645,0.7100894451141357
2020-12-28,5,40,2,2,2,0.6849074363708496,0.5704434514045715,0.6856495141983032
2020-12-29,5,49,3,3,1,0.5872815251350403,0.4779726862907409,0.5997978448867798
2020-12-30,5,59,3,3,0,0.5011302828788757,0.3955729901790619,0.5119674205780029
2021-01-02,5,69,4,4,0,0.6502186059951782,0.4661453366279602,0.6627581119537354
2021-01-03,5,56,3,3,0,0.5612068772315979,0.3721262216567993,0.5621336698532104
2021-01-04,5,59,3,3,1,0.5811319351196289,0.4870855510234833,0.5862028002738953
2021-01-05,5,61,4,4,0,0.5708279013633728,0.4646438658237457,0.5825739502906799
2021-01-06,5,75,4,4,0,0.6290921568870544,0.4911119639873504,0.6456186175346375
2021-01-09,5,76,4,4,1,0.6261411905288696,0.4393289387226105,0.6372508406639099
2021-01-10,5,68,4,4,1,0.6445618271827698,0.5594607591629028,0.6465942859649658
2021-01-11,5,75,4,4,0,0.5997307300567627,0.4944705665111542,0.6093088388442993
2021-01-12,5,90,5,5,0,0.5519005656242371,0.3893498480319977,0.5863664150238037
2021-01-13,5,89,5,5,0,0.6287145018577576,0.4563148319721222,0.6477807760238647
2021-01-16,5,94,5,5,2,0.6112920641899109,0.4062595963478088,0.6251626014709473
2021-01-18,5,73,4,4,4,0.6070486903190613,0.4369882941246032,0.6286324262619019
2021-01-19,5,85,5,5,1,0.6399849653244019,0.4913535416126251,0.6522843837738037
2021-01-20,5,79,4,4,2,0.5793821215629578,0.4270960092544555,0.6175966858863831
2021-01-23,5,81,5,5,1,0.5308626294136047,0.43243208527565,0.5950711369514465
2021-01-24,5,90,5,5,4,0.6243447065353394,0.4532330632209778,0.6398433446884155
2021-01-25,5,94,5,5,3,0.6448163390159607,0.4927253127098083,0.6539408564567566
2021-01-26,5,94,5,5,3,0.6362546682357788,0.4795624613761902,0.6520771980285645
2021-01-27,5,91,5,5,1,0.5554977059364319,0.3954409658908844,0.5731258988380432
2021-01-30,5,85,5,5,0,0.5914163589477539,0.4674738943576813,0.6019522547721863
2021-01-31,5,96,5,5,2,0.6445974111557007,0.4940635859966278,0.6499791741371155
2021-02-01,5,83,5,5,4,0.53620445728302,0.3649260997772217,0.5595402121543884
2021-02-02,5,79,4,4,3,0.5534756779670715,0.3602901995182037,0.5624231100082397
2021-02-03,5,51,3,3,3,0.6740116477012634,0.5013020634651184,0.6827092170715332
2021-02-06,5,56,3,3,3,0.6385218501091003,0.461410254240036,0.6457325220108032
2021-02-07,5,44,3,3,3,0.5822676420211792,0.4779579937458038,0.5988099575042725
2021-02-08,5,35,2,2,2,0.5978178977966309,0.4663693010807037,0.6050549149513245
2021-02-09,5,35,2,2,2,0.61296147108078,0.521298885345459,0.641315221786499
2021-02-13,5,25,2,2,2,0.5382404923439026,0.4904117584228515,0.557928204536438
2021-02-14,5,23,2,2,2,0.49701988697052,0.4204737544059753,0.5090975761413574
2021-02-15,5,22,2,2,2,0.5213491320610046,0.4283888339996338,0.5271193385124207
2021-02-16,5,18,1,1,1,0.512801468372345,0.4564674496650696,0.512801468372345
2021-02-17,5,16,1,1,1,0.4999329447746277,0.457876056432724,0.4999329447746277
2021-02-20,5,17,1,1,1,0.4666973054409027,0.3988344073295593,0.4666973054409027
2021-02-21,5,18,1,1,1,0.4334621727466583,0.3708629310131073,0.4334621727466583
2021-02-22,5,24,2,2,2,0.3844631016254425,0.3348674774169922,0.4031986594200134
2021-02-23,5,19,1,1,0,0.4293557703495025,0.3462204933166504,0.4293557703495025
2021-02-24,5,25,2,2,1,0.4037681818008423,0.3344782292842865,0.4611460268497467
2021-02-27,5,26,2,2,1,0.4564209580421448,0.3536810874938965,0.4826525747776031
2021-02-28,5,27,2,2,2,0.4253640174865722,0.3623062968254089,0.4261805117130279
2021-03-01,5,21,2,2,2,0.4120984971523285,0.3298528492450714,0.4216596186161041
2021-03-02,5,24,2,2,2,0.4327183067798614,0.3520310521125793,0.4340914785861969
2021-03-03,5,26,2,2,2,0.4243693947792053,0.3495230674743652,0.4708125293254852
2021-03-06,5,25,2,2,2,0.4081620275974273,0.3357983529567718,0.4736707210540771
2021-03-07,5,22,2,2,2,0.4228782951831817,0.3615690767765045,0.438670665025711
2021-03-08,5,11,1,1,1,0.4152435958385467,0.3621468544006347,0.4152435958385467
2021-03-09,5,11,1,1,1,0.4017191529273987,0.3571082949638366,0.4017191529273987
2021-03-10,5,7,1,1,1,0.3923828899860382,0.3621210157871246,0.3923828899860382
2021-03-13,5,3,1,1,1,0.4821058511734009,0.4119936525821686,0.4821058511734009
2021-03-14,5,1,1,1,1,0.4122856855392456,0.4122856855392456,0.4122856855392456
