symbol,full_history_rows,test_rows,test_eligible_events,candidate_events,candidate_rows_with_any_feature_missing,candidate_nonfinite_numeric_values,started_source,breadth_identity_preserved,rows,raw_join_missing_rows,market_feature_join_missing_rows,invalid_power_source_rows,power_feature_missing_rows,volume_feature_missing_rows,ho_buy_missing_rows,ho_sell_missing_rows,x_missing_rows,y_missing_rows,gmma_missing_rows,body_valid_ordinary_rows,body_locked_rows,body_locked_up_rows,body_locked_down_rows,body_locked_unchanged_rows,body_locked_price_change_missing_rows,body_invalid_ohlc_rows,body_missing_rows
آ س پ,2328,790,781,123,0,0,raw_data,True,2328,0,0,0,0,29,0,0,11,12,59,2115,212,71,141,0,0,1,1
آباد,2336,742,722,195,0,0,raw_data,True,2336,0,0,0,0,29,0,0,11,12,59,1954,381,117,264,0,0,1,1
آسيا,2345,775,766,141,0,0,raw_data,True,2345,0,0,0,0,29,0,0,11,12,59,2152,191,86,105,0,0,2,2
آينده,1600,427,397,128,0,0,raw_data,True,1600,0,0,0,0,29,0,0,11,12,59,1118,481,140,341,0,0,1,1
آپ,1807,785,778,176,0,0,raw_data,True,1807,0,0,0,0,29,0,0,11,12,59,1662,145,47,98,0,0,0,0
اتكام,1867,757,727,157,0,0,raw_data,True,1867,0,0,0,0,29,0,0,11,12,59,1761,106,27,79,0,0,0,0
اتكاي,2179,762,732,171,0,0,raw_data,True,2179,0,0,0,0,29,0,0,11,12,59,2065,111,60,51,0,0,3,3
اخابر,2210,722,699,171,0,0,raw_data,True,2210,0,0,0,0,29,0,0,11,12,59,2071,139,64,75,0,0,0,0
ارفع,2301,761,731,172,0,0,raw_data,True,2301,0,0,0,0,29,0,0,11,12,59,2215,85,72,13,0,0,1,1
اعتلا,2362,777,747,192,0,0,raw_data,True,2362,0,0,0,0,29,0,0,11,12,59,2154,207,85,122,0,0,1,1
افرا,2275,776,747,195,0,0,raw_data,True,2275,0,0,0,0,29,0,0,11,12,59,1974,300,106,194,0,0,1,1
البرز,2323,775,745,126,0,0,raw_data,True,2323,0,0,0,0,29,0,0,11,12,59,2251,70,37,33,0,0,2,2
اميد,1474,751,721,216,0,0,raw_data,True,1474,0,0,0,0,29,0,0,11,12,59,1323,150,64,86,0,0,1,1
اوان,1584,753,723,110,1,0,raw_data,True,1584,0,0,0,0,29,0,0,11,12,59,1425,155,59,96,0,0,4,4
اپرداز,1806,798,768,217,0,0,raw_data,True,1806,0,0,0,0,29,0,0,11,12,59,1650,155,51,104,0,0,1,1
بالبر,2256,779,749,120,0,0,raw_data,True,2256,0,0,0,0,29,0,0,11,12,59,1801,448,182,266,0,0,7,7
بترانس,2363,788,776,184,0,0,raw_data,True,2363,0,0,0,0,29,0,0,11,12,59,2232,129,53,76,0,0,2,2
بركت,1709,774,754,149,0,0,raw_data,True,1709,0,0,0,0,29,0,0,11,12,59,1557,152,81,71,0,0,0,0
بساما,2194,778,748,126,0,0,raw_data,True,2194,0,0,0,0,29,0,0,11,12,59,1952,239,150,89,0,0,3,3
بسويچ,2256,742,712,116,0,0,raw_data,True,2256,0,0,0,0,29,0,0,11,12,59,1720,533,322,211,0,0,3,3
بشهاب,2242,738,708,201,0,0,raw_data,True,2242,0,0,0,0,29,0,0,11,12,59,1914,327,115,212,0,0,1,1
بفجر,1842,696,666,150,0,0,raw_data,True,1842,0,0,0,0,29,0,0,11,12,59,1794,48,29,19,0,0,0,0
بكاب,2187,695,666,114,0,0,raw_data,True,2187,0,0,0,0,29,0,0,11,12,59,1802,379,195,184,0,0,6,6
بكام,2227,776,746,188,0,0,raw_data,True,2227,0,0,0,0,29,0,0,11,12,59,2062,165,64,101,0,0,0,0
بكهنوج,1768,785,755,182,1,0,raw_data,True,1768,0,0,0,0,29,0,0,11,12,59,1647,118,48,70,0,0,3,3
بموتو,2250,725,695,190,0,0,raw_data,True,2250,0,0,0,0,29,0,0,11,12,59,2033,215,93,122,0,0,2,2
بمپنا,2345,764,755,160,0,0,raw_data,True,2345,0,0,0,0,29,0,0,11,12,59,2198,145,64,81,0,0,2,2
بنيرو,2323,772,756,211,0,0,raw_data,True,2323,0,0,0,0,29,0,0,11,12,59,2014,305,121,184,0,0,4,4
بهپاك,2200,754,728,199,0,0,raw_data,True,2200,0,0,0,0,29,0,0,11,12,59,1973,226,84,142,0,0,1,1
بورس,1599,712,700,148,0,0,raw_data,True,1599,0,0,0,0,29,0,0,11,12,59,1407,192,88,104,0,0,0,0
بپاس,1986,691,661,105,0,0,raw_data,True,1986,0,0,0,0,29,0,0,11,12,59,1855,130,60,70,0,0,1,1
تابا,1639,666,636,118,0,0,raw_data,True,1639,0,0,0,0,29,0,0,11,12,59,1253,385,101,284,0,0,1,1
تايرا,2304,757,743,132,0,0,raw_data,True,2304,0,0,0,0,29,0,0,11,12,59,2157,146,78,68,0,0,1,1
تاپيكو,2285,784,760,108,1,0,raw_data,True,2285,0,0,0,0,29,0,0,11,12,59,2224,60,44,16,0,0,1,1
تبرك,1479,797,767,162,0,0,raw_data,True,1479,0,0,0,0,29,0,0,11,12,59,1305,174,45,129,0,0,0,0
تشتاد,1596,710,680,201,0,0,raw_data,True,1596,0,0,0,0,29,0,0,11,12,59,1187,406,150,256,0,0,3,3
تكشا,2339,791,761,123,0,0,raw_data,True,2339,0,0,0,0,29,0,0,11,12,59,2038,296,132,164,0,0,5,5
تكمبا,2336,792,777,140,0,0,raw_data,True,2336,0,0,0,0,29,0,0,11,12,59,2080,256,89,167,0,0,0,0
تكنار,1808,736,711,244,0,0,raw_data,True,1808,0,0,0,0,29,0,0,11,12,59,1259,548,258,290,0,0,1,1
تكنو,2339,779,749,74,0,0,raw_data,True,2339,0,0,0,0,29,0,0,11,12,59,1957,378,206,172,0,0,4,4
تليسه,1811,805,796,184,0,0,raw_data,True,1811,0,0,0,0,29,0,0,11,12,59,1618,191,108,83,0,0,2,2
تمحركه,2104,671,641,78,0,0,raw_data,True,2104,0,0,0,0,29,0,0,11,12,59,1657,444,152,292,0,0,3,3
توريل,2331,766,736,176,0,0,raw_data,True,2331,0,0,0,0,29,0,0,11,12,59,2169,162,68,94,0,0,0,0
تيپيكو,2390,780,771,192,0,0,raw_data,True,2390,0,0,0,0,29,0,0,11,12,59,2334,53,28,25,0,0,3,3
تپكو,2026,729,721,113,0,0,raw_data,True,2026,0,0,0,0,29,0,0,11,12,59,1707,318,129,189,0,0,1,1
تپمپي,2172,750,739,174,0,0,raw_data,True,2172,0,0,0,0,29,0,0,11,12,59,1756,413,173,240,0,0,3,3
تپولا,1377,693,680,100,0,0,raw_data,True,1377,0,0,0,0,29,0,0,11,12,59,876,501,181,320,0,0,0,0
ثاخت,2354,803,780,169,0,0,raw_data,True,2354,0,0,0,0,29,0,0,11,12,59,2213,138,45,93,0,0,3,3
ثاصفا,1565,654,624,158,0,0,raw_data,True,1565,0,0,0,0,29,0,0,11,12,59,1032,533,220,313,0,0,0,0
ثالوند,1847,771,741,118,0,0,raw_data,True,1847,0,0,0,0,29,0,0,11,12,59,1611,235,71,164,0,0,1,1
ثامان,2307,752,722,163,0,0,raw_data,True,2307,0,0,0,0,29,0,0,11,12,59,1941,364,115,249,0,0,2,2
ثاژن,1874,557,536,125,0,0,raw_data,True,1874,0,0,0,0,29,0,0,11,12,59,1369,502,163,339,0,0,3,3
ثباغ,2397,786,756,102,0,0,raw_data,True,2397,0,0,0,0,29,0,0,11,12,59,2234,161,68,93,0,0,2,2
ثتوسا,1688,732,721,50,0,0,raw_data,True,1688,0,0,0,0,29,0,0,11,12,59,1171,514,240,274,0,0,3,3
ثرود,2287,804,776,131,0,0,raw_data,True,2287,0,0,0,0,29,0,0,11,12,59,2080,201,33,168,0,0,6,6
ثشاهد,2389,778,768,154,0,0,raw_data,True,2389,0,0,0,0,29,0,0,11,12,59,2167,222,83,139,0,0,0,0
ثشرق,2343,774,744,122,0,0,raw_data,True,2343,0,0,0,0,29,0,0,11,12,59,2109,231,48,183,0,0,3,3
ثعتما,1541,659,629,60,0,0,raw_data,True,1541,0,0,0,0,29,0,0,11,12,59,1001,539,197,342,0,0,1,1
ثعمرا,2292,762,732,141,0,0,raw_data,True,2292,0,0,0,0,29,0,0,11,12,59,2053,239,74,165,0,0,0,0
ثغرب,2351,771,741,123,0,0,raw_data,True,2351,0,0,0,0,29,0,0,11,12,59,2107,242,51,191,0,0,2,2
ثفارس,2318,743,715,120,1,0,raw_data,True,2318,0,0,0,0,29,0,0,11,12,59,2045,268,107,161,0,0,5,5
ثقزوي,1776,648,618,91,0,0,raw_data,True,1776,0,0,0,0,29,0,0,11,12,59,1291,483,155,328,0,0,2,2
ثمسكن,2391,787,775,165,0,0,raw_data,True,2391,0,0,0,0,29,0,0,11,12,59,2303,88,32,56,0,0,0,0
ثنام,1555,660,631,146,0,0,raw_data,True,1555,0,0,0,0,29,0,0,11,12,59,1144,411,111,300,0,0,0,0
ثنظام,1537,618,588,106,0,0,raw_data,True,1537,0,0,0,0,29,0,0,11,12,59,997,539,176,363,0,0,1,1
ثنور,1434,624,594,154,0,0,raw_data,True,1434,0,0,0,0,29,0,0,11,12,59,1157,276,118,158,0,0,1,1
ثنوسا,2299,793,784,147,0,0,raw_data,True,2299,0,0,0,0,29,0,0,11,12,59,1988,310,102,208,0,0,1,1
ثپرديس,2019,776,752,154,1,0,raw_data,True,2019,0,0,0,0,29,0,0,11,12,59,1770,246,58,188,0,0,3,3
جم,2330,765,735,70,0,0,raw_data,True,2330,0,0,0,0,29,0,0,11,12,59,2301,28,17,11,0,0,1,1
جهرم,1608,748,718,176,0,0,raw_data,True,1608,0,0,0,0,29,0,0,11,12,59,1072,534,143,391,0,0,2,2
حآسا,1547,775,745,197,0,0,raw_data,True,1547,0,0,0,0,29,0,0,11,12,59,1352,193,55,138,0,0,2,2
حبندر,1584,654,627,157,0,0,raw_data,True,1584,0,0,0,0,29,0,0,11,12,59,1126,458,167,291,0,0,0,0
حتايد,2134,733,713,131,0,0,raw_data,True,2134,0,0,0,0,29,0,0,11,12,59,2018,115,69,46,0,0,1,1
حتوكا,2354,750,743,182,0,0,raw_data,True,2354,0,0,0,0,29,0,0,11,12,59,2100,250,103,147,0,0,4,4
حرهشا,1504,596,572,91,0,0,raw_data,True,1504,0,0,0,0,29,0,0,11,12,59,925,579,242,337,0,0,0,0
حريل,1878,787,757,182,0,0,raw_data,True,1878,0,0,0,0,29,0,0,11,12,59,1743,135,47,88,0,0,0,0
حسير,1626,748,731,160,0,0,raw_data,True,1626,0,0,0,0,29,0,0,11,12,59,1430,196,66,130,0,0,0,0
حسينا,2233,743,719,85,0,0,raw_data,True,2233,0,0,0,0,29,0,0,11,12,59,2164,66,49,17,0,0,3,3
حفارس,2045,718,700,133,0,0,raw_data,True,2045,0,0,0,0,29,0,0,11,12,59,1743,299,103,196,0,0,3,3
حفاري,2213,747,740,107,0,0,raw_data,True,2213,0,0,0,0,29,0,0,11,12,59,2039,173,55,118,0,0,1,1
حكشتي,2282,767,748,95,0,0,raw_data,True,2282,0,0,0,0,29,0,0,11,12,59,2080,200,70,130,0,0,2,2
حپارسا,1798,727,711,115,0,0,raw_data,True,1798,0,0,0,0,29,0,0,11,12,59,1599,198,75,123,0,0,1,1
حپترو,2340,739,709,122,0,0,raw_data,True,2340,0,0,0,0,29,0,0,11,12,59,2039,297,75,222,0,0,4,4
خاذين,2329,796,780,147,0,0,raw_data,True,2329,0,0,0,0,29,0,0,11,12,59,2041,287,111,176,0,0,1,1
خاهن,2136,724,698,128,0,0,raw_data,True,2136,0,0,0,0,29,0,0,11,12,59,1997,137,83,54,0,0,2,2
خبهمن,2329,754,739,207,0,0,raw_data,True,2329,0,0,0,0,29,0,0,11,12,59,2235,93,47,46,0,0,1,1
ختراك,2355,778,764,141,0,0,raw_data,True,2355,0,0,0,0,29,0,0,11,12,59,2080,273,110,163,0,0,2,2
ختور,2297,747,729,103,0,0,raw_data,True,2297,0,0,0,0,29,0,0,11,12,59,2076,218,81,137,0,0,3,3
ختوقا,2376,802,781,141,0,0,raw_data,True,2376,0,0,0,0,29,0,0,11,12,59,2189,182,81,101,0,0,5,5
خديزل,1945,752,736,120,0,0,raw_data,True,1945,0,0,0,0,29,0,0,11,12,59,1826,118,51,67,0,0,1,1
خراسان,2404,794,777,153,0,0,raw_data,True,2404,0,0,0,0,29,0,0,11,12,59,2360,42,28,14,0,0,2,2
خريخت,2170,722,692,24,0,0,raw_data,True,2170,0,0,0,0,29,0,0,11,12,59,1996,172,76,96,0,0,2,2
خرينگ,2368,801,771,180,0,0,raw_data,True,2368,0,0,0,0,29,0,0,11,12,59,2117,250,96,154,0,0,1,1
خزاميا,2309,774,756,151,1,0,raw_data,True,2309,0,0,0,0,29,0,0,11,12,59,2155,153,68,85,0,0,1,1
خزر,2271,739,717,131,0,0,raw_data,True,2271,0,0,0,0,29,0,0,11,12,59,2008,256,103,153,0,0,7,7
خساپا,2202,773,750,179,2,0,raw_data,True,2202,0,0,0,0,29,0,0,11,12,59,2063,137,85,52,0,0,2,2
خشرق,2367,770,743,74,0,0,raw_data,True,2367,0,0,0,0,29,0,0,11,12,59,2107,257,98,159,0,0,3,3
خفناور,2001,645,615,70,0,0,raw_data,True,2001,0,0,0,0,29,0,0,11,12,59,1499,502,120,382,0,0,0,0
خفنر,2130,782,771,184,0,0,raw_data,True,2130,0,0,0,0,29,0,0,11,12,59,1709,417,195,222,0,0,4,4
خفولا,1188,547,517,64,0,0,raw_data,True,1188,0,0,0,0,29,0,0,11,12,59,714,472,169,303,0,0,2,2
خكار,2287,752,729,158,0,0,raw_data,True,2287,0,0,0,0,29,0,0,11,12,59,2040,243,80,163,0,0,4,4
خكاوه,2182,750,731,119,0,0,raw_data,True,2182,0,0,0,0,29,0,0,11,12,59,1770,412,171,241,0,0,0,0
خكمك,2277,761,731,168,0,0,raw_data,True,2277,0,0,0,0,29,0,0,11,12,59,2005,271,108,163,0,0,1,1
خلنت,2191,768,749,135,1,0,raw_data,True,2191,0,0,0,0,29,0,0,11,12,59,1806,379,168,211,0,0,6,6
خمحركه,2373,786,763,145,0,0,raw_data,True,2373,0,0,0,0,29,0,0,11,12,59,2132,237,108,129,0,0,4,4
خمحور,2288,742,732,162,0,0,raw_data,True,2288,0,0,0,0,29,0,0,11,12,59,1934,352,191,161,0,0,2,2
خمهر,2407,787,763,162,0,0,raw_data,True,2407,0,0,0,0,29,0,0,11,12,59,2197,207,66,141,0,0,3,3
خموتور,2370,779,760,156,0,0,raw_data,True,2370,0,0,0,0,29,0,0,11,12,59,2043,322,129,193,0,0,5,5
خنصير,2230,723,712,191,0,0,raw_data,True,2230,0,0,0,0,29,0,0,11,12,59,1936,293,103,190,0,0,1,1
خودرو,2294,760,732,195,0,0,raw_data,True,2294,0,0,0,0,29,0,0,11,12,59,2184,109,58,51,0,0,1,1
خودكفا,1851,746,736,191,0,0,raw_data,True,1851,0,0,0,0,29,0,0,11,12,59,1597,253,121,132,0,0,1,1
خوساز,2247,779,760,120,0,0,raw_data,True,2247,0,0,0,0,29,0,0,11,12,59,1978,267,99,168,0,0,2,2
خپارس,2080,569,552,137,0,0,raw_data,True,2080,0,0,0,0,29,0,0,11,12,59,1937,143,56,87,0,0,0,0
خپويش,1847,721,692,226,0,0,raw_data,True,1847,0,0,0,0,29,0,0,11,12,59,1307,538,237,301,0,0,2,2
خچرخش,2360,782,752,131,1,0,raw_data,True,2360,0,0,0,0,29,0,0,11,12,59,2049,309,118,191,0,0,2,2
خگستر,2343,809,796,205,1,0,raw_data,True,2343,0,0,0,0,29,0,0,11,12,59,2149,192,80,112,0,0,2,2
دابور,2231,767,737,189,0,0,raw_data,True,2231,0,0,0,0,29,0,0,11,12,59,1909,320,136,184,0,0,2,2
داراب,1439,705,675,281,0,0,raw_data,True,1439,0,0,0,0,29,0,0,11,12,59,846,593,135,458,0,0,0,0
دارو,2315,791,761,145,0,0,raw_data,True,2315,0,0,0,0,29,0,0,11,12,59,2060,253,91,162,0,0,2,2
داسوه,2345,788,758,253,0,0,raw_data,True,2345,0,0,0,0,29,0,0,11,12,59,2038,307,107,200,0,0,0,0
دالبر,2346,750,720,200,0,0,raw_data,True,2346,0,0,0,0,29,0,0,11,12,59,2234,110,43,67,0,0,2,2
دامين,2398,785,756,127,0,0,raw_data,True,2398,0,0,0,0,29,0,0,11,12,59,2138,259,115,144,0,0,1,1
دانا,2190,674,650,187,0,0,raw_data,True,2190,0,0,0,0,29,0,0,11,12,59,1995,191,65,126,0,0,4,4
دبالك,2002,771,741,171,0,0,raw_data,True,2002,0,0,0,0,29,0,0,11,12,59,1769,230,91,139,0,0,3,3
دتماد,2294,800,770,163,0,0,raw_data,True,2294,0,0,0,0,29,0,0,11,12,59,1976,315,113,202,0,0,3,3
دتوليد,2360,788,770,159,0,0,raw_data,True,2360,0,0,0,0,29,0,0,11,12,59,2177,178,60,118,0,0,5,5
دجابر,2375,786,758,207,0,0,raw_data,True,2375,0,0,0,0,29,0,0,11,12,59,2151,223,66,157,0,0,1,1
دحاوي,1418,661,633,65,0,0,raw_data,True,1418,0,0,0,0,29,0,0,11,12,59,925,491,207,284,0,0,2,2
ددام,2154,753,723,166,0,0,raw_data,True,2154,0,0,0,0,29,0,0,11,12,59,1765,387,150,237,0,0,2,2
درازك,2330,772,742,206,0,0,raw_data,True,2330,0,0,0,0,29,0,0,11,12,59,2065,264,114,150,0,0,1,1
دروز,2103,772,742,208,0,0,raw_data,True,2103,0,0,0,0,29,0,0,11,12,59,1535,567,305,262,0,0,1,1
دزهراوي,2288,804,774,204,0,0,raw_data,True,2288,0,0,0,0,29,0,0,11,12,59,1896,387,130,257,0,0,5,5
دسانكو,1898,773,760,233,0,0,raw_data,True,1898,0,0,0,0,29,0,0,11,12,59,1727,170,60,110,0,0,1,1
دسبحا,2366,772,742,175,0,0,raw_data,True,2366,0,0,0,0,29,0,0,11,12,59,2262,101,40,61,0,0,3,3
دسبحان,1886,763,734,177,0,0,raw_data,True,1886,0,0,0,0,29,0,0,11,12,59,1757,127,52,75,0,0,2,2
دسينا,2295,741,711,129,1,0,raw_data,True,2295,0,0,0,0,29,0,0,11,12,59,2014,278,101,177,0,0,3,3
دشيري,1496,742,712,152,0,0,raw_data,True,1496,0,0,0,0,29,0,0,11,12,59,1160,335,129,206,0,0,1,1
دشيمي,2222,786,758,160,0,0,raw_data,True,2222,0,0,0,0,29,0,0,11,12,59,1834,387,155,232,0,0,1,1
دعبيد,2067,740,710,125,0,0,raw_data,True,2067,0,0,0,0,29,0,0,11,12,59,1701,366,260,106,0,0,0,0
دفارا,2236,783,763,183,0,0,raw_data,True,2236,0,0,0,0,29,0,0,11,12,59,1883,350,93,257,0,0,3,3
دفرا,2147,770,740,261,0,0,raw_data,True,2147,0,0,0,0,29,0,0,11,12,59,1713,431,194,237,0,0,3,3
دكوثر,2357,760,735,114,0,0,raw_data,True,2357,0,0,0,0,29,0,0,11,12,59,2181,172,79,93,0,0,4,4
دكيمي,2375,777,747,228,0,0,raw_data,True,2375,0,0,0,0,29,0,0,11,12,59,2130,244,95,149,0,0,1,1
دلر,2320,793,766,168,0,0,raw_data,True,2320,0,0,0,0,29,0,0,11,12,59,2177,139,64,75,0,0,4,4
دلقما,2305,774,744,143,0,0,raw_data,True,2305,0,0,0,0,29,0,0,11,12,59,1961,341,145,196,0,0,3,3
دماوند,1922,780,750,183,0,0,raw_data,True,1922,0,0,0,0,29,0,0,11,12,59,1823,98,29,69,0,0,1,1
دي,1497,505,496,66,0,0,raw_data,True,1497,0,0,0,0,29,0,0,11,12,59,1381,116,54,62,0,0,0,0
ديران,2365,790,784,163,1,0,raw_data,True,2365,0,0,0,0,29,0,0,11,12,59,2097,266,86,180,0,0,2,2
دپارس,2305,772,761,184,0,0,raw_data,True,2305,0,0,0,0,29,0,0,11,12,59,2106,196,54,142,0,0,3,3
ذوب,2289,783,761,121,0,0,raw_data,True,2289,0,0,0,0,29,0,0,11,12,59,2186,103,52,51,0,0,0,0
رانفور,2405,767,737,289,1,0,raw_data,True,2405,0,0,0,0,29,0,0,11,12,59,2273,129,102,27,0,0,3,3
رتاپ,2306,776,756,222,0,0,raw_data,True,2306,0,0,0,0,29,0,0,11,12,59,2216,87,45,42,0,0,3,3
رتكو,2105,496,466,88,0,0,raw_data,True,2105,0,0,0,0,29,0,0,11,12,59,1879,224,57,167,0,0,2,2
ركيش,2246,771,747,163,0,0,raw_data,True,2246,0,0,0,0,29,0,0,11,12,59,2094,150,47,103,0,0,2,2
رمپنا,2121,744,738,114,0,0,raw_data,True,2121,0,0,0,0,29,0,0,11,12,59,2038,83,40,43,0,0,0,0
ريشمك,1590,779,761,133,0,0,raw_data,True,1590,0,0,0,0,29,0,0,11,12,59,1454,136,47,89,0,0,0,0
زاگرس,2344,777,767,157,0,0,raw_data,True,2344,0,0,0,0,29,0,0,11,12,59,2283,60,43,17,0,0,1,1
زبينا,1413,804,793,184,0,0,raw_data,True,1413,0,0,0,0,29,0,0,11,12,59,1252,161,49,112,0,0,0,0
زشگزا,1511,794,784,167,0,0,raw_data,True,1511,0,0,0,0,29,0,0,11,12,59,1394,115,40,75,0,0,2,2
زقيام,1403,780,769,174,0,0,raw_data,True,1403,0,0,0,0,29,0,0,11,12,59,1213,190,56,134,0,0,0,0
زمگسا,2362,780,766,140,0,0,raw_data,True,2362,0,0,0,0,29,0,0,11,12,59,2129,228,83,145,0,0,5,5
زنجان,2160,651,621,110,0,0,raw_data,True,2160,0,0,0,0,29,0,0,11,12,59,1814,346,106,240,0,0,0,0
زنگان,2406,792,762,214,0,0,raw_data,True,2406,0,0,0,0,29,0,0,11,12,59,2126,276,97,179,0,0,4,4
زگلدشت,1821,786,774,120,0,0,raw_data,True,1821,0,0,0,0,29,0,0,11,12,59,1652,168,57,111,0,0,1,1
ساراب,2412,793,763,102,1,0,raw_data,True,2412,0,0,0,0,29,0,0,11,12,59,2254,152,57,95,0,0,6,6
ساربيل,1629,768,752,122,0,0,raw_data,True,1629,0,0,0,0,29,0,0,11,12,59,1194,434,130,304,0,0,1,1
ساروم,2234,793,774,145,0,0,raw_data,True,2234,0,0,0,0,29,0,0,11,12,59,1969,261,79,182,0,0,4,4
سايرا,1565,634,613,149,0,0,raw_data,True,1565,0,0,0,0,29,0,0,11,12,59,918,646,286,360,0,0,1,1
ساينا,1944,785,755,178,0,0,raw_data,True,1944,0,0,0,0,29,0,0,11,12,59,1809,133,87,46,0,0,2,2
سبجنو,1893,771,741,211,0,0,raw_data,True,1893,0,0,0,0,29,0,0,11,12,59,1497,395,91,304,0,0,1,1
سبزوا,1962,782,755,120,0,0,raw_data,True,1962,0,0,0,0,29,0,0,11,12,59,1786,175,83,92,0,0,1,1
سبهان,2224,777,748,155,0,0,raw_data,True,2224,0,0,0,0,29,0,0,11,12,59,1851,372,108,264,0,0,1,1
ستران,2272,734,711,185,0,0,raw_data,True,2272,0,0,0,0,29,0,0,11,12,59,2095,177,90,87,0,0,0,0
سخاش,1988,762,754,202,0,0,raw_data,True,1988,0,0,0,0,29,0,0,11,12,59,1539,444,225,219,0,0,5,5
سخزر,1997,800,788,244,1,0,raw_data,True,1997,0,0,0,0,29,0,0,11,12,59,1465,529,106,423,0,0,3,3
سخواف,2120,664,634,96,0,0,raw_data,True,2120,0,0,0,0,29,0,0,11,12,59,1456,664,232,432,0,0,0,0
سخوز,2141,796,766,140,0,0,raw_data,True,2141,0,0,0,0,29,0,0,11,12,59,2043,94,47,47,0,0,4,4
سدبير,2218,781,762,90,0,0,raw_data,True,2218,0,0,0,0,29,0,0,11,12,59,1819,397,173,224,0,0,2,2
سدشت,1709,776,746,166,0,0,raw_data,True,1709,0,0,0,0,29,0,0,11,12,59,1083,626,241,385,0,0,0,0
سدور,2203,794,764,130,0,0,raw_data,True,2203,0,0,0,0,29,0,0,11,12,59,1876,327,80,247,0,0,0,0
سرود,2383,796,769,173,0,0,raw_data,True,2383,0,0,0,0,29,0,0,11,12,59,2194,184,51,133,0,0,5,5
سرچشمه,1891,736,706,149,0,0,raw_data,True,1891,0,0,0,0,29,0,0,11,12,59,1665,224,123,101,0,0,2,2
سشرق,2330,781,751,133,0,0,raw_data,True,2330,0,0,0,0,29,0,0,11,12,59,2203,127,55,72,0,0,0,0
سشمال,2273,784,774,197,0,0,raw_data,True,2273,0,0,0,0,29,0,0,11,12,59,2070,199,89,110,0,0,4,4
سصفها,1758,759,730,133,0,0,raw_data,True,1758,0,0,0,0,29,0,0,11,12,59,1250,507,92,415,0,0,1,1
سصوفي,2132,786,767,127,0,0,raw_data,True,2132,0,0,0,0,29,0,0,11,12,59,1771,358,111,247,0,0,3,3
سغرب,2398,796,766,122,0,0,raw_data,True,2398,0,0,0,0,29,0,0,11,12,59,2198,198,67,131,0,0,2,2
سفار,1602,793,765,193,1,0,raw_data,True,1602,0,0,0,0,29,0,0,11,12,59,1050,551,214,337,0,0,1,1
سفارس,2396,787,757,157,0,0,raw_data,True,2396,0,0,0,0,29,0,0,11,12,59,2280,114,68,46,0,0,2,2
سفارود,1810,697,683,121,0,0,raw_data,True,1810,0,0,0,0,29,0,0,11,12,59,1268,542,201,341,0,0,0,0
سفاسي,1577,742,712,168,0,0,raw_data,True,1577,0,0,0,0,29,0,0,11,12,59,1146,430,141,289,0,0,1,1
سفانو,2176,772,742,201,1,0,raw_data,True,2176,0,0,0,0,29,0,0,11,12,59,1858,315,141,174,0,0,3,3
سقاين,2143,778,748,193,1,0,raw_data,True,2143,0,0,0,0,29,0,0,11,12,59,1669,470,218,252,0,0,4,4
سكارون,1669,695,687,100,0,0,raw_data,True,1669,0,0,0,0,29,0,0,11,12,59,1228,438,184,254,0,0,3,3
سكرد,2259,779,749,202,1,0,raw_data,True,2259,0,0,0,0,29,0,0,11,12,59,1926,328,73,255,0,0,5,5
سكرما,2354,789,759,92,0,0,raw_data,True,2354,0,0,0,0,29,0,0,11,12,59,2204,149,67,82,0,0,1,1
سمازن,1713,786,756,56,0,0,raw_data,True,1713,0,0,0,0,29,0,0,11,12,59,1412,298,68,230,0,0,3,3
سمايه,1541,661,631,131,0,0,raw_data,True,1541,0,0,0,0,29,0,0,11,12,59,1067,473,220,253,0,0,1,1
سمگا,2289,775,756,250,0,0,raw_data,True,2289,0,0,0,0,29,0,0,11,12,59,2156,132,49,83,0,0,1,1
سنير,1488,768,749,144,0,0,raw_data,True,1488,0,0,0,0,29,0,0,11,12,59,1082,405,119,286,0,0,1,1
سهرمز,1971,763,748,161,0,0,raw_data,True,1971,0,0,0,0,29,0,0,11,12,59,1643,328,107,221,0,0,0,0
سهگمت,2278,791,761,103,0,0,raw_data,True,2278,0,0,0,0,29,0,0,11,12,59,2109,167,62,105,0,0,2,2
سيدكو,2210,774,744,157,0,0,raw_data,True,2210,0,0,0,0,29,0,0,11,12,59,2141,67,42,25,0,0,2,2
سيستم,2312,734,704,43,0,0,raw_data,True,2312,0,0,0,0,29,0,0,11,12,59,2215,97,52,45,0,0,0,0
سيلام,1852,765,750,151,0,0,raw_data,True,1852,0,0,0,0,29,0,0,11,12,59,1317,530,122,408,0,0,5,5
سپ,1334,692,662,218,0,0,raw_data,True,1334,0,0,0,0,29,0,0,11,12,59,1290,44,30,14,0,0,0,0
سپاها,2386,781,751,162,0,0,raw_data,True,2386,0,0,0,0,29,0,0,11,12,59,2251,132,49,83,0,0,3,3
شاراك,2408,799,769,166,0,0,raw_data,True,2408,0,0,0,0,29,0,0,11,12,59,2327,81,36,45,0,0,0,0
شاملا,2348,779,749,112,0,0,raw_data,True,2348,0,0,0,0,29,0,0,11,12,59,2149,193,74,119,0,0,6,6
شاوان,2126,763,741,141,0,0,raw_data,True,2126,0,0,0,0,29,0,0,11,12,59,2007,117,69,48,0,0,2,2
شبريز,2149,776,746,125,0,0,raw_data,True,2149,0,0,0,0,29,0,0,11,12,59,2032,114,60,54,0,0,3,3
شبندر,2085,720,692,142,0,0,raw_data,True,2085,0,0,0,0,29,0,0,11,12,59,1984,101,55,46,0,0,0,0
شبهرن,2336,757,743,199,1,0,raw_data,True,2336,0,0,0,0,29,0,0,11,12,59,2253,82,29,53,0,0,1,1
شتران,2098,771,745,158,1,0,raw_data,True,2098,0,0,0,0,29,0,0,11,12,59,1967,130,73,57,0,0,1,1
شتهران,932,327,297,33,0,0,raw_data,True,932,0,0,0,0,29,0,0,11,12,59,111,821,611,210,0,0,0,0
شتوكا,1961,769,752,178,0,0,raw_data,True,1961,0,0,0,0,29,0,0,11,12,59,1780,179,90,89,0,0,2,2
شتولي,1698,652,622,126,0,0,raw_data,True,1698,0,0,0,0,29,0,0,11,12,59,983,715,328,387,0,0,0,0
شخارك,2309,782,753,152,0,0,raw_data,True,2309,0,0,0,0,29,0,0,11,12,59,2256,53,39,14,0,0,0,0
شدوص,2130,763,741,148,0,0,raw_data,True,2130,0,0,0,0,29,0,0,11,12,59,1910,220,83,137,0,0,0,0
شراز,2104,705,675,182,0,0,raw_data,True,2104,0,0,0,0,29,0,0,11,12,59,2006,97,52,45,0,0,1,1
شرانل,2381,784,754,184,0,0,raw_data,True,2381,0,0,0,0,29,0,0,11,12,59,2310,67,39,28,0,0,4,4
شزنگ,1764,705,675,126,0,0,raw_data,True,1764,0,0,0,0,29,0,0,11,12,59,1145,619,248,371,0,0,0,0
شستان,1447,640,610,65,1,0,raw_data,True,1447,0,0,0,0,29,0,0,11,12,59,1007,439,199,240,0,0,1,1
شسم,1533,578,548,78,0,0,raw_data,True,1533,0,0,0,0,29,0,0,11,12,59,791,742,470,272,0,0,0,0
شسينا,2175,747,733,167,0,0,raw_data,True,2175,0,0,0,0,29,0,0,11,12,59,1678,492,253,239,0,0,5,5
شسپا,2250,764,734,132,0,0,raw_data,True,2250,0,0,0,0,29,0,0,11,12,59,2175,73,42,31,0,0,2,2
شصفها,1632,734,707,168,0,0,raw_data,True,1632,0,0,0,0,29,0,0,11,12,59,1286,346,195,151,0,0,0,0
شغدير,1417,787,757,67,0,0,raw_data,True,1417,0,0,0,0,29,0,0,11,12,59,1343,73,46,27,0,0,1,1
شفا,1481,772,742,152,0,0,raw_data,True,1481,0,0,0,0,29,0,0,11,12,59,1356,124,42,82,0,0,1,1
شفارا,1916,745,715,122,0,0,raw_data,True,1916,0,0,0,0,29,0,0,11,12,59,1410,504,172,332,0,0,2,2
شفارس,2327,735,722,168,0,0,raw_data,True,2327,0,0,0,0,29,0,0,11,12,59,2079,243,135,108,0,0,5,5
شفن,2297,775,745,203,0,0,raw_data,True,2297,0,0,0,0,29,0,0,11,12,59,2130,164,44,120,0,0,3,3
شكبير,1769,756,726,335,0,0,raw_data,True,1769,0,0,0,0,29,0,0,11,12,59,1327,441,271,170,0,0,1,1
شكربن,2356,758,731,96,0,0,raw_data,True,2356,0,0,0,0,29,0,0,11,12,59,2205,148,64,84,0,0,3,3
شكف,1520,623,593,87,0,0,raw_data,True,1520,0,0,0,0,29,0,0,11,12,59,705,815,337,478,0,0,0,0
شكلر,2349,775,763,178,0,0,raw_data,True,2349,0,0,0,0,29,0,0,11,12,59,2153,195,91,104,0,0,1,1
شلرد,2129,720,690,161,0,0,raw_data,True,2129,0,0,0,0,29,0,0,11,12,59,1850,279,147,132,0,0,0,0
شلعاب,2270,728,715,139,0,0,raw_data,True,2270,0,0,0,0,29,0,0,11,12,59,2003,263,132,131,0,0,4,4
شنفت,2216,714,684,259,0,0,raw_data,True,2216,0,0,0,0,29,0,0,11,12,59,1984,232,69,163,0,0,0,0
شوينده,1525,796,767,218,0,0,raw_data,True,1525,0,0,0,0,29,0,0,11,12,59,1476,49,24,25,0,0,0,0
شيراز,2309,767,737,159,1,0,raw_data,True,2309,0,0,0,0,29,0,0,11,12,59,2224,84,56,28,0,0,1,1
شيران,2374,774,768,204,0,0,raw_data,True,2374,0,0,0,0,29,0,0,11,12,59,2285,88,36,52,0,0,1,1
شپارس,2132,783,753,206,0,0,raw_data,True,2132,0,0,0,0,29,0,0,11,12,59,1850,281,140,141,0,0,1,1
شپاس,2356,780,750,222,0,0,raw_data,True,2356,0,0,0,0,29,0,0,11,12,59,2162,193,93,100,0,0,1,1
شپاكسا,2370,738,723,234,0,0,raw_data,True,2370,0,0,0,0,29,0,0,11,12,59,2285,81,46,35,0,0,4,4
شپترو,2104,757,727,175,0,0,raw_data,True,2104,0,0,0,0,29,0,0,11,12,59,1799,305,146,159,0,0,0,0
شپديس,2339,791,763,112,0,0,raw_data,True,2339,0,0,0,0,29,0,0,11,12,59,2313,26,18,8,0,0,0,0
شپلي,1747,680,650,114,0,0,raw_data,True,1747,0,0,0,0,29,0,0,11,12,59,1405,342,165,177,0,0,0,0
شپنا,2113,770,740,127,0,0,raw_data,True,2113,0,0,0,0,29,0,0,11,12,59,1998,115,73,42,0,0,0,0
شگل,2360,757,727,180,0,0,raw_data,True,2360,0,0,0,0,29,0,0,11,12,59,2184,174,58,116,0,0,2,2
غاذر,2151,744,735,206,0,0,raw_data,True,2151,0,0,0,0,29,0,0,11,12,59,1910,241,84,157,0,0,0,0
غالبر,2237,791,775,170,0,0,raw_data,True,2237,0,0,0,0,29,0,0,11,12,59,2016,220,66,154,0,0,1,1
غبشهر,2318,754,724,146,0,0,raw_data,True,2318,0,0,0,0,29,0,0,11,12,59,2224,91,40,51,0,0,3,3
غبهنوش,2240,784,768,215,0,0,raw_data,True,2240,0,0,0,0,29,0,0,11,12,59,1860,376,158,218,0,0,4,4
غدام,1677,769,739,130,0,0,raw_data,True,1677,0,0,0,0,29,0,0,11,12,59,1141,536,208,328,0,0,0,0
غدشت,1590,647,617,171,0,0,raw_data,True,1590,0,0,0,0,29,0,0,11,12,59,867,722,372,350,0,0,1,1
غديس,1735,790,769,228,0,0,raw_data,True,1735,0,0,0,0,29,0,0,11,12,59,1570,165,55,110,0,0,0,0
غسالم,2027,798,783,146,0,0,raw_data,True,2027,0,0,0,0,29,0,0,11,12,59,1447,580,307,273,0,0,0,0
غشاذر,2390,774,753,171,1,0,raw_data,True,2390,0,0,0,0,29,0,0,11,12,59,2147,241,83,158,0,0,2,2
غشان,2267,782,752,130,0,0,raw_data,True,2267,0,0,0,0,29,0,0,11,12,59,2052,206,84,122,0,0,9,9
غشصفا,2261,782,752,103,0,0,raw_data,True,2261,0,0,0,0,29,0,0,11,12,59,1949,310,129,181,0,0,2,2
غشهد,2029,801,773,205,0,0,raw_data,True,2029,0,0,0,0,29,0,0,11,12,59,1563,463,234,229,0,0,3,3
غشهداب,1833,786,772,254,0,0,raw_data,True,1833,0,0,0,0,29,0,0,11,12,59,1677,153,59,94,0,0,3,3
غشوكو,1761,740,710,150,0,0,raw_data,True,1761,0,0,0,0,29,0,0,11,12,59,1298,462,160,302,0,0,1,1
غفارس,1978,776,746,78,0,0,raw_data,True,1978,0,0,0,0,29,0,0,11,12,59,1795,181,69,112,0,0,2,2
غمارگ,1976,503,473,98,0,0,raw_data,True,1976,0,0,0,0,29,0,0,11,12,59,1699,275,103,172,0,0,2,2
غمهرا,2135,713,702,148,0,0,raw_data,True,2135,0,0,0,0,29,0,0,11,12,59,1572,560,286,274,0,0,3,3
غمينو,2377,790,779,161,0,0,raw_data,True,2377,0,0,0,0,29,0,0,11,12,59,2194,181,73,108,0,0,2,2
غويتا,1385,785,770,191,0,0,raw_data,True,1385,0,0,0,0,29,0,0,11,12,59,1234,151,54,97,0,0,0,0
غپآذر,1565,758,744,192,0,0,raw_data,True,1565,0,0,0,0,29,0,0,11,12,59,1381,181,63,118,0,0,3,3
غپاك,2254,751,721,180,0,0,raw_data,True,2254,0,0,0,0,29,0,0,11,12,59,1995,258,121,137,0,0,1,1
غپينو,2334,787,773,113,0,0,raw_data,True,2334,0,0,0,0,29,0,0,11,12,59,2102,230,73,157,0,0,2,2
غچين,1965,766,736,176,0,0,raw_data,True,1965,0,0,0,0,29,0,0,11,12,59,1489,474,137,337,0,0,2,2
غگرجي,2001,744,714,136,0,0,raw_data,True,2001,0,0,0,0,29,0,0,11,12,59,1521,479,180,299,0,0,1,1
غگل,2030,778,771,207,0,0,raw_data,True,2030,0,0,0,0,29,0,0,11,12,59,1692,336,171,165,0,0,2,2
غگلستا,1739,770,750,142,0,0,raw_data,True,1739,0,0,0,0,29,0,0,11,12,59,1541,197,75,122,0,0,1,1
غگلپا,1754,782,752,207,0,0,raw_data,True,1754,0,0,0,0,29,0,0,11,12,59,1600,152,39,113,0,0,2,2
فاذر,1921,667,647,188,0,0,raw_data,True,1921,0,0,0,0,29,0,0,11,12,59,1790,131,62,69,0,0,0,0
فاراك,2182,787,778,215,0,0,raw_data,True,2182,0,0,0,0,29,0,0,11,12,59,2007,174,59,115,0,0,1,1
فارس,2288,712,682,73,1,0,raw_data,True,2288,0,0,0,0,29,0,0,11,12,59,2246,41,16,25,0,0,1,1
فاسمين,2326,759,742,187,0,0,raw_data,True,2326,0,0,0,0,29,0,0,11,12,59,2205,120,72,48,0,0,1,1
فافزا,1626,728,703,124,0,0,raw_data,True,1626,0,0,0,0,29,0,0,11,12,59,1328,298,114,184,0,0,0,0
فاما,2227,773,757,190,2,0,raw_data,True,2227,0,0,0,0,29,0,0,11,12,59,1849,374,98,276,0,0,4,4
فايرا,1824,742,712,207,1,0,raw_data,True,1824,0,0,0,0,29,0,0,11,12,59,1696,126,74,52,0,0,2,2
فباهنر,2354,784,762,191,0,0,raw_data,True,2354,0,0,0,0,29,0,0,11,12,59,2253,99,53,46,0,0,2,2
فبيرا,1556,698,679,160,0,0,raw_data,True,1556,0,0,0,0,29,0,0,11,12,59,1139,417,142,275,0,0,0,0
فجام,2027,730,701,198,0,0,raw_data,True,2027,0,0,0,0,29,0,0,11,12,59,1435,589,176,413,0,0,3,3
فجر,1897,774,751,164,0,0,raw_data,True,1897,0,0,0,0,29,0,0,11,12,59,1485,412,133,279,0,0,0,0
فخاس,2138,788,758,207,0,0,raw_data,True,2138,0,0,0,0,29,0,0,11,12,59,1713,423,113,310,0,0,2,2
فخوز,2298,776,746,113,0,0,raw_data,True,2298,0,0,0,0,29,0,0,11,12,59,2204,92,28,64,0,0,2,2
فرآور,2365,792,777,152,0,0,raw_data,True,2365,0,0,0,0,29,0,0,11,12,59,2185,176,86,90,0,0,4,4
فرابورس,2137,769,758,154,0,0,raw_data,True,2137,0,0,0,0,29,0,0,11,12,59,1869,268,129,139,0,0,0,0
فروس,2247,771,741,164,0,0,raw_data,True,2247,0,0,0,0,29,0,0,11,12,59,1918,327,137,190,0,0,2,2
فزرين,2316,774,744,198,0,0,raw_data,True,2316,0,0,0,0,29,0,0,11,12,59,2138,174,79,95,0,0,4,4
فسا,1674,720,690,203,0,0,raw_data,True,1674,0,0,0,0,29,0,0,11,12,59,1136,537,155,382,0,0,1,1
فسديد,1602,645,621,55,0,0,raw_data,True,1602,0,0,0,0,29,0,0,11,12,59,631,971,475,496,0,0,0,0
فسرب,2365,771,752,206,0,0,raw_data,True,2365,0,0,0,0,29,0,0,11,12,59,2184,181,67,114,0,0,0,0
فسپا,1880,743,715,116,0,0,raw_data,True,1880,0,0,0,0,29,0,0,11,12,59,1536,344,129,215,0,0,0,0
فلات,1854,683,653,122,0,0,raw_data,True,1854,0,0,0,0,29,0,0,11,12,59,1343,510,207,303,0,0,1,1
فلامي,2106,748,718,187,0,0,raw_data,True,2106,0,0,0,0,29,0,0,11,12,59,1664,441,197,244,0,0,1,1
فلوله,2196,695,670,186,0,0,raw_data,True,2196,0,0,0,0,29,0,0,11,12,59,1999,193,74,119,0,0,4,4
فمراد,1974,731,701,160,0,0,raw_data,True,1974,0,0,0,0,29,0,0,11,12,59,1630,340,151,189,0,0,4,4
فملي,2270,738,708,138,0,0,raw_data,True,2270,0,0,0,0,29,0,0,11,12,59,2204,66,35,31,0,0,0,0
فن آوا,1853,652,622,114,0,0,raw_data,True,1853,0,0,0,0,29,0,0,11,12,59,1342,511,157,354,0,0,0,0
فنرژي,1212,553,546,51,0,0,raw_data,True,1212,0,0,0,0,29,0,0,11,12,59,631,581,215,366,0,0,0,0
فنوال,2299,749,739,192,1,0,raw_data,True,2299,0,0,0,0,29,0,0,11,12,59,1973,324,188,136,0,0,2,2
فنورد,1960,769,739,145,2,0,raw_data,True,1960,0,0,0,0,29,0,0,11,12,59,1350,605,409,196,0,0,5,5
فوكا,1326,719,691,192,0,0,raw_data,True,1326,0,0,0,0,29,0,0,11,12,59,884,438,191,247,0,0,4,4
فولاد,2305,746,716,114,0,0,raw_data,True,2305,0,0,0,0,29,0,0,11,12,59,2256,49,28,21,0,0,0,0
فولاي,2178,719,707,143,0,0,raw_data,True,2178,0,0,0,0,29,0,0,11,12,59,1977,198,73,125,0,0,3,3
فولاژ,2343,752,722,226,0,0,raw_data,True,2343,0,0,0,0,29,0,0,11,12,59,2131,212,72,140,0,0,0,0
فپنتا,2146,733,722,246,0,0,raw_data,True,2146,0,0,0,0,29,0,0,11,12,59,1522,623,365,258,0,0,1,1
قاسم,2109,790,780,137,0,0,raw_data,True,2109,0,0,0,0,29,0,0,11,12,59,1883,226,93,133,0,0,0,0
قثابت,2152,739,724,111,0,0,raw_data,True,2152,0,0,0,0,29,0,0,11,12,59,1904,248,110,138,0,0,0,0
قجام,1861,690,660,184,1,0,raw_data,True,1861,0,0,0,0,29,0,0,11,12,59,1460,400,182,218,0,0,1,1
قزوين,2270,740,710,121,0,0,raw_data,True,2270,0,0,0,0,29,0,0,11,12,59,1995,273,157,116,0,0,2,2
قشرين,1983,686,672,131,0,0,raw_data,True,1983,0,0,0,0,29,0,0,11,12,59,1529,451,220,231,0,0,3,3
قشكر,2342,799,775,226,0,0,raw_data,True,2342,0,0,0,0,29,0,0,11,12,59,2115,225,82,143,0,0,2,2
قشهد,2156,739,709,167,1,0,raw_data,True,2156,0,0,0,0,29,0,0,11,12,59,1810,345,141,204,0,0,1,1
قشير,2161,654,636,98,0,0,raw_data,True,2161,0,0,0,0,29,0,0,11,12,59,1940,220,79,141,0,0,1,1
قصفها,2374,803,788,275,0,0,raw_data,True,2374,0,0,0,0,29,0,0,11,12,59,2083,286,153,133,0,0,5,5
قلرست,2227,729,713,160,0,0,raw_data,True,2227,0,0,0,0,29,0,0,11,12,59,1951,273,79,194,0,0,3,3
قمرو,2260,740,710,94,0,0,raw_data,True,2260,0,0,0,0,29,0,0,11,12,59,1999,257,106,151,0,0,4,4
قنقش,1664,684,658,66,0,0,raw_data,True,1664,0,0,0,0,29,0,0,11,12,59,1103,559,171,388,0,0,2,2
قنيشا,2300,743,713,228,0,0,raw_data,True,2300,0,0,0,0,29,0,0,11,12,59,2043,254,89,165,0,0,3,3
قهكمت,2310,722,693,121,0,0,raw_data,True,2310,0,0,0,0,29,0,0,11,12,59,2078,227,96,131,0,0,5,5
قپيرا,2322,744,714,235,0,0,raw_data,True,2322,0,0,0,0,29,0,0,11,12,59,2165,155,71,84,0,0,2,2
قچار,2117,706,676,150,0,0,raw_data,True,2117,0,0,0,0,29,0,0,11,12,59,1965,146,63,83,0,0,6,6
كابگن,1451,433,403,10,0,0,raw_data,True,1451,0,0,0,0,29,0,0,11,12,59,630,820,589,231,0,0,1,1
كاذر,2249,774,754,111,0,0,raw_data,True,2249,0,0,0,0,29,0,0,11,12,59,2051,198,68,130,0,0,0,0
كاسپين,1831,766,748,142,0,0,raw_data,True,1831,0,0,0,0,29,0,0,11,12,59,1644,187,76,111,0,0,0,0
كاما,2364,772,757,138,0,0,raw_data,True,2364,0,0,0,0,29,0,0,11,12,59,2162,200,95,105,0,0,2,2
كاوه,1559,773,743,131,0,0,raw_data,True,1559,0,0,0,0,29,0,0,11,12,59,1506,53,43,10,0,0,0,0
كبافق,2231,807,791,186,0,0,raw_data,True,2231,0,0,0,0,29,0,0,11,12,59,1970,260,117,143,0,0,1,1
كترام,2341,754,724,168,0,0,raw_data,True,2341,0,0,0,0,29,0,0,11,12,59,2082,258,97,161,0,0,1,1
كتوكا,1998,763,734,85,0,0,raw_data,True,1998,0,0,0,0,29,0,0,11,12,59,1717,280,87,193,0,0,1,1
كحافظ,1668,753,738,134,0,0,raw_data,True,1668,0,0,0,0,29,0,0,11,12,59,1212,451,166,285,0,0,5,5
كخاك,2389,789,765,240,1,0,raw_data,True,2389,0,0,0,0,29,0,0,11,12,59,2273,112,65,47,0,0,4,4
كدما,1684,712,697,156,0,0,raw_data,True,1684,0,0,0,0,29,0,0,11,12,59,1246,436,241,195,0,0,2,2
كرازي,2324,739,709,186,0,0,raw_data,True,2324,0,0,0,0,29,0,0,11,12,59,2118,206,80,126,0,0,0,0
كرماشا,2398,768,738,220,1,0,raw_data,True,2398,0,0,0,0,29,0,0,11,12,59,2326,71,63,8,0,0,1,1
كرمان,2217,767,737,221,0,0,raw_data,True,2217,0,0,0,0,29,0,0,11,12,59,2050,166,98,68,0,0,1,1
كروي,2331,733,710,153,1,0,raw_data,True,2331,0,0,0,0,29,0,0,11,12,59,2199,131,77,54,0,0,1,1
كساوه,2178,757,727,185,0,0,raw_data,True,2178,0,0,0,0,29,0,0,11,12,59,1883,291,61,230,0,0,4,4
كساپا,2329,747,718,72,0,0,raw_data,True,2329,0,0,0,0,29,0,0,11,12,59,1988,339,124,215,0,0,2,2
كسرا,1939,756,739,158,0,0,raw_data,True,1939,0,0,0,0,29,0,0,11,12,59,1753,185,71,114,0,0,1,1
كسرام,2245,760,743,119,0,0,raw_data,True,2245,0,0,0,0,29,0,0,11,12,59,1880,365,140,225,0,0,0,0
كسعدي,2106,775,766,139,0,0,raw_data,True,2106,0,0,0,0,29,0,0,11,12,59,1668,433,112,321,0,0,5,5
كشرق,2086,777,747,226,1,0,raw_data,True,2086,0,0,0,0,29,0,0,11,12,59,1872,209,83,126,0,0,5,5
كطبس,2296,771,741,189,0,0,raw_data,True,2296,0,0,0,0,29,0,0,11,12,59,2101,193,70,123,0,0,2,2
كفرآور,1424,741,711,168,0,0,raw_data,True,1424,0,0,0,0,29,0,0,11,12,59,1139,285,101,184,0,0,0,0
كفرا,2332,780,750,160,0,0,raw_data,True,2332,0,0,0,0,29,0,0,11,12,59,2183,146,54,92,0,0,3,3
كفپارس,1964,773,755,172,0,0,raw_data,True,1964,0,0,0,0,29,0,0,11,12,59,1726,236,107,129,0,0,2,2
كقزوي,1905,693,663,113,0,0,raw_data,True,1905,0,0,0,0,29,0,0,11,12,59,1500,405,187,218,0,0,0,0
كلوند,2239,767,744,124,0,0,raw_data,True,2239,0,0,0,0,29,0,0,11,12,59,1914,321,76,245,0,0,4,4
كماسه,2179,738,730,96,0,0,raw_data,True,2179,0,0,0,0,29,0,0,11,12,59,1948,226,91,135,0,0,5,5
كمرجان,2280,745,739,88,1,0,raw_data,True,2280,0,0,0,0,29,0,0,11,12,59,1977,293,123,170,0,0,10,10
كمنگنز,2293,763,748,151,0,0,raw_data,True,2293,0,0,0,0,29,0,0,11,12,59,2065,227,98,129,0,0,1,1
كنور,2294,747,717,121,0,0,raw_data,True,2294,0,0,0,0,29,0,0,11,12,59,2126,163,53,110,0,0,5,5
كهرام,1950,663,633,133,0,0,raw_data,True,1950,0,0,0,0,29,0,0,11,12,59,1278,668,253,415,0,0,4,4
كهمدا,2385,774,745,228,0,0,raw_data,True,2385,0,0,0,0,29,0,0,11,12,59,2274,110,50,60,0,0,1,1
كوثر,2051,766,736,192,0,0,raw_data,True,2051,0,0,0,0,29,0,0,11,12,59,1806,244,90,154,0,0,1,1
كي بي سي,2325,784,756,255,0,0,raw_data,True,2325,0,0,0,0,29,0,0,11,12,59,2165,154,64,90,0,0,6,6
كيميا,1934,771,756,174,0,0,raw_data,True,1934,0,0,0,0,29,0,0,11,12,59,1771,162,64,98,0,0,1,1
كپارس,2232,740,710,123,0,0,raw_data,True,2232,0,0,0,0,29,0,0,11,12,59,1941,291,83,208,0,0,0,0
كپرور,2097,784,754,175,0,0,raw_data,True,2097,0,0,0,0,29,0,0,11,12,59,1919,176,82,94,0,0,2,2
كپشير,2295,750,727,121,0,0,raw_data,True,2295,0,0,0,0,29,0,0,11,12,59,1978,315,149,166,0,0,2,2
كچاد,2296,741,711,190,0,0,raw_data,True,2296,0,0,0,0,29,0,0,11,12,59,2195,101,33,68,0,0,0,0
كگاز,2201,771,761,138,0,0,raw_data,True,2201,0,0,0,0,29,0,0,11,12,59,1987,212,63,149,0,0,2,2
كگل,2256,721,691,154,0,0,raw_data,True,2256,0,0,0,0,29,0,0,11,12,59,2148,107,29,78,0,0,1,1
لابسا,2341,757,727,220,0,0,raw_data,True,2341,0,0,0,0,29,0,0,11,12,59,2078,263,110,153,0,0,0,0
لازما,1983,704,683,113,0,0,raw_data,True,1983,0,0,0,0,29,0,0,11,12,59,1357,624,289,335,0,0,2,2
لبوتان,2197,741,711,205,0,0,raw_data,True,2197,0,0,0,0,29,0,0,11,12,59,1937,257,76,181,0,0,3,3
لخانه,1477,674,651,137,0,0,raw_data,True,1477,0,0,0,0,29,0,0,11,12,59,955,518,127,391,0,0,4,4
لخزر,2275,749,740,176,0,0,raw_data,True,2275,0,0,0,0,29,0,0,11,12,59,1949,324,106,218,0,0,2,2
لسرما,2250,773,743,196,0,0,raw_data,True,2250,0,0,0,0,29,0,0,11,12,59,2009,241,68,173,0,0,0,0
لكما,1976,714,684,124,1,0,raw_data,True,1976,0,0,0,0,29,0,0,11,12,59,1547,427,133,294,0,0,2,2
لپارس,1919,783,767,126,0,0,raw_data,True,1919,0,0,0,0,29,0,0,11,12,59,1577,342,121,221,0,0,0,0
لپيام,1865,715,685,130,0,0,raw_data,True,1865,0,0,0,0,29,0,0,11,12,59,1161,704,253,451,0,0,0,0
ما,2046,766,736,223,0,0,raw_data,True,2046,0,0,0,0,29,0,0,11,12,59,1968,74,40,34,0,0,4,4
مارون,2352,748,718,208,0,0,raw_data,True,2352,0,0,0,0,29,0,0,11,12,59,2245,106,88,18,0,0,1,1
مبين,2060,738,708,111,0,0,raw_data,True,2060,0,0,0,0,29,0,0,11,12,59,2027,33,17,16,0,0,0,0
مداران,2324,762,732,214,0,0,raw_data,True,2324,0,0,0,0,29,0,0,11,12,59,2171,151,61,90,0,0,2,2
مرقام,2055,602,572,147,0,0,raw_data,True,2055,0,0,0,0,29,0,0,11,12,59,1851,202,65,137,0,0,2,2
مفاخر,2313,754,724,156,0,0,raw_data,True,2313,0,0,0,0,29,0,0,11,12,59,2141,171,47,124,0,0,1,1
ملت,2216,720,690,179,0,0,raw_data,True,2216,0,0,0,0,29,0,0,11,12,59,2023,190,55,135,0,0,3,3
ميدكو,2159,699,669,174,1,0,raw_data,True,2159,0,0,0,0,29,0,0,11,12,59,2123,35,21,14,0,0,1,1
ميهن,2052,674,666,137,0,0,raw_data,True,2052,0,0,0,0,29,0,0,11,12,59,1835,215,126,89,0,0,2,2
نمرينو,1896,788,759,165,0,0,raw_data,True,1896,0,0,0,0,29,0,0,11,12,59,1273,620,353,267,0,0,3,3
نوين,1849,787,764,212,0,0,raw_data,True,1849,0,0,0,0,29,0,0,11,12,59,1543,305,134,171,0,0,1,1
نيرو,2147,664,634,104,0,0,raw_data,True,2147,0,0,0,0,29,0,0,11,12,59,1661,484,203,281,0,0,2,2
هرمز,1990,773,743,178,0,0,raw_data,True,1990,0,0,0,0,29,0,0,11,12,59,1913,75,55,20,0,0,2,2
همراه,2393,763,733,337,0,0,raw_data,True,2393,0,0,0,0,29,0,0,11,12,59,2347,46,28,18,0,0,0,0
وآتوس,1523,592,566,84,0,0,raw_data,True,1523,0,0,0,0,29,0,0,11,12,59,1032,489,242,247,0,0,2,2
وآذر,2210,753,743,110,0,0,raw_data,True,2210,0,0,0,0,29,0,0,11,12,59,1644,562,278,284,0,0,4,4
وآرين,1944,749,738,152,0,0,raw_data,True,1944,0,0,0,0,29,0,0,11,12,59,1622,322,134,188,0,0,0,0
وآيند,998,346,316,39,0,0,raw_data,True,998,0,0,0,0,29,0,0,11,12,59,659,337,169,168,0,0,2,2
واتي,2387,785,771,166,0,0,raw_data,True,2387,0,0,0,0,29,0,0,11,12,59,2259,127,45,82,0,0,1,1
واحصا,1898,711,681,95,0,0,raw_data,True,1898,0,0,0,0,29,0,0,11,12,59,1348,548,220,328,0,0,2,2
واحيا,2149,660,630,176,0,0,raw_data,True,2149,0,0,0,0,29,0,0,11,12,59,1952,196,142,54,0,0,1,1
وارس,1760,737,728,147,0,0,raw_data,True,1760,0,0,0,0,29,0,0,11,12,59,1431,329,173,156,0,0,0,0
واعتبار,2333,789,760,190,0,0,raw_data,True,2333,0,0,0,0,29,0,0,11,12,59,2084,248,84,164,0,0,1,1
والبر,2338,750,720,186,1,0,raw_data,True,2338,0,0,0,0,29,0,0,11,12,59,2230,106,64,42,0,0,2,2
واميد,2310,740,710,194,0,0,raw_data,True,2310,0,0,0,0,29,0,0,11,12,59,2145,165,41,124,0,0,0,0
وايرا,1438,781,759,148,1,0,raw_data,True,1438,0,0,0,0,29,0,0,11,12,59,1007,429,228,201,0,0,2,2
وايران,2365,768,757,129,0,0,raw_data,True,2365,0,0,0,0,29,0,0,11,12,59,2165,198,58,140,0,0,2,2
وبانك,2327,747,727,113,0,0,raw_data,True,2327,0,0,0,0,29,0,0,11,12,59,2272,52,28,24,0,0,3,3
وبشهر,2238,769,739,188,1,0,raw_data,True,2238,0,0,0,0,29,0,0,11,12,59,2146,90,46,44,0,0,2,2
وبصادر,1938,784,762,224,0,0,raw_data,True,1938,0,0,0,0,29,0,0,11,12,59,1864,73,45,28,0,0,1,1
وبملت,2100,756,726,127,1,0,raw_data,True,2100,0,0,0,0,29,0,0,11,12,59,2055,43,27,16,0,0,2,2
وبهمن,2345,747,717,166,0,0,raw_data,True,2345,0,0,0,0,29,0,0,11,12,59,2079,266,67,199,0,0,0,0
وبوعلي,2348,775,745,79,0,0,raw_data,True,2348,0,0,0,0,29,0,0,11,12,59,2171,176,74,102,0,0,1,1
وبيمه,2312,781,751,200,0,0,raw_data,True,2312,0,0,0,0,29,0,0,11,12,59,2201,109,27,82,0,0,2,2
وتجارت,1969,790,767,244,0,0,raw_data,True,1969,0,0,0,0,29,0,0,11,12,59,1889,80,48,32,0,0,0,0
وتوس,2114,782,752,102,0,0,raw_data,True,2114,0,0,0,0,29,0,0,11,12,59,1649,463,86,377,0,0,2,2
وتوسم,2400,783,753,202,0,0,raw_data,True,2400,0,0,0,0,29,0,0,11,12,59,2341,54,23,31,0,0,5,5
وتوشه,2355,730,723,278,0,0,raw_data,True,2355,0,0,0,0,29,0,0,11,12,59,2263,90,39,51,0,0,2,2
وتوصا,2340,736,707,244,0,0,raw_data,True,2340,0,0,0,0,29,0,0,11,12,59,2137,202,77,125,0,0,1,1
وتوكا,2295,788,760,180,0,0,raw_data,True,2295,0,0,0,0,29,0,0,11,12,59,2162,131,66,65,0,0,2,2
وثخوز,1512,638,608,156,0,0,raw_data,True,1512,0,0,0,0,29,0,0,11,12,59,1036,472,280,192,0,0,4,4
وثنو,1736,755,745,106,0,0,raw_data,True,1736,0,0,0,0,29,0,0,11,12,59,1374,361,140,221,0,0,1,1
وثوق,1590,734,717,93,0,0,raw_data,True,1590,0,0,0,0,29,0,0,11,12,59,1170,419,167,252,0,0,1,1
وجامي,1603,697,667,68,0,0,raw_data,True,1603,0,0,0,0,29,0,0,11,12,59,1235,367,157,210,0,0,1,1
وحافظ,1337,648,618,85,0,0,raw_data,True,1337,0,0,0,0,29,0,0,11,12,59,847,489,158,331,0,0,1,1
وخارزم,2203,774,761,213,0,0,raw_data,True,2203,0,0,0,0,29,0,0,11,12,59,2105,97,50,47,0,0,1,1
وخاور,2335,769,739,175,0,0,raw_data,True,2335,0,0,0,0,29,0,0,11,12,59,2289,42,29,13,0,0,4,4
ودي,2026,767,745,150,2,0,raw_data,True,2026,0,0,0,0,29,0,0,11,12,59,1899,122,45,77,0,0,5,5
ورازي,1546,706,676,203,0,0,raw_data,True,1546,0,0,0,0,29,0,0,11,12,59,1240,303,168,135,0,0,3,3
ورنا,2380,800,789,215,1,0,raw_data,True,2380,0,0,0,0,29,0,0,11,12,59,2204,175,59,116,0,0,1,1
وزمين,1406,701,671,170,0,0,raw_data,True,1406,0,0,0,0,29,0,0,11,12,59,933,473,172,301,0,0,0,0
وساخت,2297,745,726,196,0,0,raw_data,True,2297,0,0,0,0,29,0,0,11,12,59,2214,83,47,36,0,0,0,0
وساپا,2186,786,776,169,0,0,raw_data,True,2186,0,0,0,0,29,0,0,11,12,59,2010,176,76,100,0,0,0,0
وسبحان,1911,784,756,173,0,0,raw_data,True,1911,0,0,0,0,29,0,0,11,12,59,1834,76,31,45,0,0,1,1
وسديد,1589,705,699,165,0,0,raw_data,True,1589,0,0,0,0,29,0,0,11,12,59,1055,533,237,296,0,0,1,1
وسرمد,1471,611,584,147,0,0,raw_data,True,1471,0,0,0,0,29,0,0,11,12,59,1104,366,147,219,0,0,1,1
وسكاب,2294,793,763,254,0,0,raw_data,True,2294,0,0,0,0,29,0,0,11,12,59,2146,145,128,17,0,0,3,3
وسنا,1590,678,667,138,0,0,raw_data,True,1590,0,0,0,0,29,0,0,11,12,59,1079,510,202,308,0,0,1,1
وسين,1569,658,631,145,0,0,raw_data,True,1569,0,0,0,0,29,0,0,11,12,59,1291,278,134,144,0,0,0,0
وسينا,2015,694,674,165,0,0,raw_data,True,2015,0,0,0,0,29,0,0,11,12,59,1923,90,38,52,0,0,2,2
وسپه,2357,777,747,163,0,0,raw_data,True,2357,0,0,0,0,29,0,0,11,12,59,2314,40,19,21,0,0,3,3
وشمال,1599,550,521,36,0,0,raw_data,True,1599,0,0,0,0,29,0,0,11,12,59,998,601,263,338,0,0,0,0
وشهر,1538,654,626,209,1,0,raw_data,True,1538,0,0,0,0,29,0,0,11,12,59,1269,266,170,96,0,0,3,3
وصنا,2339,757,733,134,0,0,raw_data,True,2339,0,0,0,0,29,0,0,11,12,59,2180,141,57,84,0,0,18,18
وصندوق,2380,768,738,45,0,0,raw_data,True,2380,0,0,0,0,29,0,0,11,12,59,2309,66,15,51,0,0,5,5
وصنعت,2353,753,723,250,0,0,raw_data,True,2353,0,0,0,0,29,0,0,11,12,59,2288,61,40,21,0,0,4,4
وغدير,2367,763,736,87,0,0,raw_data,True,2367,0,0,0,0,29,0,0,11,12,59,2313,52,23,29,0,0,2,2
وكادو,2224,740,724,124,0,0,raw_data,True,2224,0,0,0,0,29,0,0,11,12,59,1902,317,133,184,0,0,5,5
وكار,2160,757,727,166,1,0,raw_data,True,2160,0,0,0,0,29,0,0,11,12,59,1964,194,82,112,0,0,2,2
ولانا,1497,761,747,118,0,0,raw_data,True,1497,0,0,0,0,29,0,0,11,12,59,1105,391,171,220,0,0,1,1
ولبهمن,2206,767,737,222,0,0,raw_data,True,2206,0,0,0,0,29,0,0,11,12,59,2024,181,58,123,0,0,1,1
ولراز,1336,636,630,66,0,0,raw_data,True,1336,0,0,0,0,29,0,0,11,12,59,903,431,189,242,0,0,2,2
ولساپا,2370,775,761,236,0,0,raw_data,True,2370,0,0,0,0,29,0,0,11,12,59,2265,103,27,76,0,0,2,2
ولشرق,1575,775,768,158,0,0,raw_data,True,1575,0,0,0,0,29,0,0,11,12,59,1388,187,61,126,0,0,0,0
ولصنم,2340,774,765,110,0,0,raw_data,True,2340,0,0,0,0,29,0,0,11,12,59,2152,186,61,125,0,0,2,2
ولغدر,2306,789,759,159,0,0,raw_data,True,2306,0,0,0,0,29,0,0,11,12,59,2099,202,62,140,0,0,5,5
ولملت,1849,787,757,72,0,0,raw_data,True,1849,0,0,0,0,29,0,0,11,12,59,1683,163,47,116,0,0,3,3
وليز,2088,595,565,166,0,0,raw_data,True,2088,0,0,0,0,29,0,0,11,12,59,1797,289,104,185,0,0,2,2
ومعادن,2228,747,717,173,0,0,raw_data,True,2228,0,0,0,0,29,0,0,11,12,59,2181,47,35,12,0,0,0,0
وملت,2100,739,709,249,0,0,raw_data,True,2100,0,0,0,0,29,0,0,11,12,59,1641,459,185,274,0,0,0,0
وملل,1603,639,609,161,0,0,raw_data,True,1603,0,0,0,0,29,0,0,11,12,59,1455,148,96,52,0,0,0,0
وملي,1951,719,710,179,0,0,raw_data,True,1951,0,0,0,0,29,0,0,11,12,59,1275,675,379,296,0,0,1,1
ونفت,2373,755,725,231,0,0,raw_data,True,2373,0,0,0,0,29,0,0,11,12,59,2281,92,60,32,0,0,0,0
ونوين,2191,782,770,164,0,0,raw_data,True,2191,0,0,0,0,29,0,0,11,12,59,2081,110,72,38,0,0,0,0
ونيرو,2085,786,773,159,0,0,raw_data,True,2085,0,0,0,0,29,0,0,11,12,59,1883,199,67,132,0,0,3,3
ونيكي,2371,780,750,284,0,0,raw_data,True,2371,0,0,0,0,29,0,0,11,12,59,2152,216,154,62,0,0,3,3
وهور,1833,767,737,189,0,0,raw_data,True,1833,0,0,0,0,29,0,0,11,12,59,1728,105,44,61,0,0,0,0
وپارس,1861,777,754,204,1,0,raw_data,True,1861,0,0,0,0,29,0,0,11,12,59,1733,126,75,51,0,0,2,2
وپاسار,1754,700,670,124,0,0,raw_data,True,1754,0,0,0,0,29,0,0,11,12,59,1714,39,21,18,0,0,1,1
وپترو,2347,801,783,131,1,0,raw_data,True,2347,0,0,0,0,29,0,0,11,12,59,2234,110,49,61,0,0,3,3
وپخش,2231,760,730,151,0,0,raw_data,True,2231,0,0,0,0,29,0,0,11,12,59,1840,390,87,303,0,0,1,1
وپست,2070,737,723,148,1,0,raw_data,True,2070,0,0,0,0,29,0,0,11,12,59,1947,119,47,72,0,0,4,4
وگستر,2381,762,732,160,0,0,raw_data,True,2381,0,0,0,0,29,0,0,11,12,59,2188,191,67,124,0,0,2,2
پارس,1367,735,707,185,0,0,raw_data,True,1367,0,0,0,0,29,0,0,11,12,59,1341,25,20,5,0,0,1,1
پارسان,2378,786,756,123,0,0,raw_data,True,2378,0,0,0,0,29,0,0,11,12,59,2308,69,40,29,0,0,1,1
پارسيان,2334,765,756,160,0,0,raw_data,True,2334,0,0,0,0,29,0,0,11,12,59,2169,162,87,75,0,0,3,3
پاسا,2284,752,725,174,0,0,raw_data,True,2284,0,0,0,0,29,0,0,11,12,59,2048,234,80,154,0,0,2,2
پاكشو,2357,759,729,234,0,0,raw_data,True,2357,0,0,0,0,29,0,0,11,12,59,2269,88,57,31,0,0,0,0
پتاير,2279,786,771,152,0,0,raw_data,True,2279,0,0,0,0,29,0,0,11,12,59,2087,189,86,103,0,0,3,3
پترول,2342,791,767,198,0,0,raw_data,True,2342,0,0,0,0,29,0,0,11,12,59,2261,81,62,19,0,0,0,0
پخش,2305,768,757,236,0,0,raw_data,True,2305,0,0,0,0,29,0,0,11,12,59,2150,154,91,63,0,0,1,1
پدرخش,2194,709,687,160,0,0,raw_data,True,2194,0,0,0,0,29,0,0,11,12,59,1785,404,188,216,0,0,5,5
پرداخت,1626,776,756,152,0,0,raw_data,True,1626,0,0,0,0,29,0,0,11,12,59,1506,118,41,77,0,0,2,2
پرديس,2316,771,741,194,0,0,raw_data,True,2316,0,0,0,0,29,0,0,11,12,59,2191,124,49,75,0,0,1,1
پسهند,2395,800,781,128,1,0,raw_data,True,2395,0,0,0,0,29,0,0,11,12,59,2255,137,66,71,0,0,3,3
پكرمان,2343,764,746,94,0,0,raw_data,True,2343,0,0,0,0,29,0,0,11,12,59,2219,123,69,54,0,0,1,1
پكوير,2330,744,717,178,0,0,raw_data,True,2330,0,0,0,0,29,0,0,11,12,59,2148,180,80,100,0,0,2,2
پلاست,1536,635,606,73,0,0,raw_data,True,1536,0,0,0,0,29,0,0,11,12,59,993,543,283,260,0,0,0,0
پلاسك,2395,800,770,143,0,0,raw_data,True,2395,0,0,0,0,29,0,0,11,12,59,2167,228,74,154,0,0,0,0
پلوله,2165,730,700,115,0,0,raw_data,True,2165,0,0,0,0,29,0,0,11,12,59,1752,413,240,173,0,0,0,0
چافست,2327,774,745,195,0,0,raw_data,True,2327,0,0,0,0,29,0,0,11,12,59,2008,317,85,232,0,0,2,2
چدن,1571,767,751,116,0,0,raw_data,True,1571,0,0,0,0,29,0,0,11,12,59,1440,130,50,80,0,0,1,1
چفيبر,2173,788,758,135,0,0,raw_data,True,2173,0,0,0,0,29,0,0,11,12,59,1723,448,212,236,0,0,2,2
چكارن,2186,730,700,223,0,0,raw_data,True,2186,0,0,0,0,29,0,0,11,12,59,2005,181,93,88,0,0,0,0
چكاوه,2175,767,739,93,0,0,raw_data,True,2175,0,0,0,0,29,0,0,11,12,59,1853,317,105,212,0,0,5,5
چكاپا,1844,790,763,240,0,0,raw_data,True,1844,0,0,0,0,29,0,0,11,12,59,1729,115,28,87,0,0,0,0
گكوثر,1568,750,720,157,1,0,raw_data,True,1568,0,0,0,0,29,0,0,11,12,59,1421,145,76,69,0,0,2,2
گكيش,1591,729,699,168,0,0,raw_data,True,1591,0,0,0,0,29,0,0,11,12,59,1035,555,205,350,0,0,1,1
گوهران,1859,779,749,203,2,0,raw_data,True,1859,0,0,0,0,29,0,0,11,12,59,1785,71,45,26,0,0,3,3
گپارس,1564,703,673,132,0,0,raw_data,True,1564,0,0,0,0,29,0,0,11,12,59,1078,484,192,292,0,0,2,2
