dEven,market_breadth_regime,candidate_events,gate_pass_events,threshold_pass_events,policy_eligible_events,daily_maximum_quota,required_signal_quota,selected_signals,score_cutoff,minimum_score,maximum_score,selected_positive_labels,selected_mean_corrected_event_return,zero_signal_date,selected_precision
2021-03-27,broad_decline,89,0,89,0,5,0,0,,0.4257168,0.5475568,0,,True,
2021-03-28,broad_decline,96,0,96,0,5,0,0,,0.41781762,0.5834918,0,,True,
2021-03-30,broad_decline,90,0,90,0,5,0,0,,0.39532495,0.5779106,0,,True,
2021-03-31,broad_decline,95,0,95,0,5,0,0,,0.38663518,0.58561355,0,,True,
2021-04-03,broad_decline,94,0,94,0,5,0,0,,0.39169452,0.5302619,0,,True,
2021-04-04,broad_decline,91,0,91,0,5,0,0,,0.42539546,0.5308423,0,,True,
2021-04-05,broad_decline,91,0,91,0,5,0,0,,0.4278995,0.54896027,0,,True,
2021-04-06,broad_decline,93,0,93,0,5,0,0,,0.43532842,0.60216796,0,,True,
2021-04-07,broad_decline,103,0,103,0,6,0,0,,0.42344347,0.57541054,0,,True,
2021-04-10,broad_decline,105,0,105,0,6,0,0,,0.4252847,0.5784299,0,,True,
2021-04-11,broad_decline,111,0,111,0,6,0,0,,0.4233161,0.5340849,0,,True,
2021-04-12,broad_decline,120,0,120,0,6,0,0,,0.4270413,0.5401705,0,,True,
2021-04-13,broad_decline,112,0,112,0,6,0,0,,0.41748983,0.52331376,0,,True,
2021-04-14,broad_decline,109,0,109,0,6,0,0,,0.425982,0.54828906,0,,True,
2021-04-17,broad_decline,121,0,121,0,7,0,0,,0.42153946,0.5375629,0,,True,
2021-04-18,broad_decline,113,0,113,0,6,0,0,,0.4143479,0.5237894,0,,True,
2021-04-19,broad_decline,111,0,111,0,6,0,0,,0.43818462,0.523781,0,,True,
2021-04-20,broad_decline,108,0,108,0,6,0,0,,0.4426311,0.55185646,0,,True,
2021-04-21,broad_decline,117,0,117,0,6,0,0,,0.48790902,0.6164215,0,,True,
2021-04-24,broad_decline,113,0,113,0,6,0,0,,0.5193401,0.65383965,0,,True,
2021-04-25,broad_decline,116,0,116,0,6,0,0,,0.514961,0.61709875,0,,True,
2021-04-26,broad_decline,115,0,115,0,6,0,0,,0.5043086,0.58759063,0,,True,
2021-04-27,broad_decline,117,0,117,0,6,0,0,,0.49749315,0.60927653,0,,True,
2021-04-28,broad_decline,117,0,117,0,6,0,0,,0.51778394,0.63803184,0,,True,
2021-05-01,broad_decline,107,0,107,0,6,0,0,,0.5075116,0.6071529,0,,True,
2021-05-02,broad_decline,111,0,111,0,6,0,0,,0.497608,0.61547166,0,,True,
2021-05-03,broad_decline,107,0,107,0,6,0,0,,0.43909183,0.5779506,0,,True,
2021-05-05,broad_decline,107,0,107,0,6,0,0,,0.439677,0.5881652,0,,True,
2021-05-08,broad_decline,112,0,112,0,6,0,0,,0.4277284,0.5985403,0,,True,
2021-05-09,broad_decline,100,0,100,0,5,0,0,,0.46873462,0.6190212,0,,True,
2021-05-10,broad_decline,111,0,111,0,6,0,0,,0.44807935,0.5463109,0,,True,
2021-05-11,broad_decline,120,0,120,0,6,0,0,,0.45789734,0.5884399,0,,True,
2021-05-12,broad_decline,114,0,114,0,6,0,0,,0.45155326,0.5516891,0,,True,
2021-05-15,broad_decline,110,0,110,0,6,0,0,,0.45544314,0.56293476,0,,True,
2021-05-16,broad_decline,103,0,103,0,6,0,0,,0.4238495,0.55157334,0,,True,
2021-05-17,broad_decline,89,0,89,0,5,0,0,,0.39211607,0.5441869,0,,True,
2021-05-18,broad_decline,87,0,87,0,5,0,0,,0.39185122,0.5731026,0,,True,
2021-05-19,broad_decline,77,0,77,0,4,0,0,,0.39178842,0.59490347,0,,True,
2021-05-22,broad_decline,86,0,86,0,5,0,0,,0.39468613,0.62207067,0,,True,
2021-05-23,broad_decline,82,0,82,0,5,0,0,,0.40966344,0.63662326,0,,True,
2021-05-24,broad_decline,80,0,80,0,4,0,0,,0.42472252,0.6336035,0,,True,
2021-05-25,broad_decline,87,0,87,0,5,0,0,,0.42221949,0.6398843,0,,True,
2021-05-26,broad_decline,86,0,86,0,5,0,0,,0.43458048,0.6312857,0,,True,
2021-05-29,broad_decline,84,0,84,0,5,0,0,,0.468467,0.6551271,0,,True,
2021-05-30,broad_decline,90,0,90,0,5,0,0,,0.40668875,0.6146107,0,,True,
2021-05-31,broad_decline,80,0,80,0,4,0,0,,0.4383734,0.63974607,0,,True,
2021-06-01,broad_decline,71,0,71,0,4,0,0,,0.43331054,0.6226211,0,,True,
2021-06-02,broad_decline,77,0,77,0,4,0,0,,0.45635322,0.6408173,0,,True,
2021-06-07,broad_decline,76,0,76,0,4,0,0,,0.42128694,0.62238896,0,,True,
2021-06-08,broad_decline,83,0,83,0,5,0,0,,0.41420147,0.6026978,0,,True,
2021-06-09,broad_decline,81,0,79,0,5,0,0,,0.37414768,0.608379,0,,True,
2021-06-12,broad_decline,81,0,81,0,5,0,0,,0.45559448,0.6414527,0,,True,
2021-06-13,broad_decline,72,0,72,0,4,0,0,,0.47047645,0.6386898,0,,True,
2021-06-14,broad_decline,78,0,78,0,4,0,0,,0.4694081,0.6544613,0,,True,
2021-06-15,broad_decline,74,0,74,0,4,0,0,,0.4542952,0.64971185,0,,True,
2021-06-16,broad_decline,66,0,66,0,4,0,0,,0.4926241,0.6587637,0,,True,
2021-06-19,broad_decline,60,0,60,0,3,0,0,,0.48243317,0.6490289,0,,True,
2021-06-20,broad_decline,77,0,77,0,4,0,0,,0.44514188,0.64140433,0,,True,
2021-06-21,broad_decline,81,0,81,0,5,0,0,,0.47230217,0.6575178,0,,True,
2021-06-22,recovery_negative,79,79,79,79,4,4,4,0.60105556,0.40359697,0.6023776,4,0.3706832911978955,False,1.0
2021-06-23,recovery_negative,70,70,70,70,4,4,4,0.56556445,0.4554528,0.5740598,2,0.2585188385445196,False,0.5
2021-06-26,recovery_negative,63,63,63,63,4,4,4,0.60859984,0.5120651,0.6167983,3,0.15014639585538794,False,0.75
2021-06-27,recovery_negative,66,66,66,66,4,4,4,0.6198074,0.51921815,0.62334925,4,0.27660111345481203,False,1.0
2021-06-28,recovery_negative,67,67,67,67,4,4,4,0.6049324,0.5263744,0.6072902,3,0.0730718517176053,False,0.75
2021-06-29,recovery_negative,73,73,73,73,4,4,4,0.6028235,0.49321538,0.6098722,4,0.128327802070962,False,1.0
2021-06-30,recovery_negative,66,66,66,66,4,4,4,0.59953135,0.5099625,0.6199832,4,0.27568423628161987,False,1.0
2021-07-03,recovery_negative,77,77,77,77,4,4,4,0.5847144,0.46148062,0.5884251,4,0.2069724490800086,False,1.0
2021-07-04,recovery_negative,79,79,79,79,4,4,4,0.5852087,0.4821221,0.59084463,3,0.19447360298690355,False,0.75
2021-07-05,recovery_negative,60,60,60,60,3,3,3,0.63475263,0.5139257,0.6427509,2,0.2208311895990861,False,0.6666666666666666
2021-07-06,recovery_negative,50,50,50,50,3,3,3,0.6911056,0.5364614,0.6940749,3,0.33857165605624595,False,1.0
2021-07-07,recovery_negative,58,58,58,58,3,3,3,0.6669477,0.5603124,0.66859126,3,0.28835344286282133,False,1.0
2021-07-10,recovery_negative,61,61,61,61,4,4,4,0.66329384,0.55219716,0.6685731,4,0.28607829032401977,False,1.0
2021-07-11,recovery_negative,58,58,58,58,3,3,3,0.7266887,0.5830729,0.7292236,2,0.01071790456100786,False,0.6666666666666666
2021-07-12,recovery_negative,58,58,58,58,3,3,3,0.7169044,0.5797388,0.7177685,3,0.28912211344733363,False,1.0
2021-07-13,recovery_negative,59,59,59,59,3,3,3,0.62274957,0.51739854,0.62936753,2,0.15639746480373543,False,0.6666666666666666
2021-07-14,recovery_negative,55,55,55,55,3,3,3,0.62593144,0.5377044,0.6289911,2,0.2591597071484312,False,0.6666666666666666
2021-07-17,recovery_negative,53,53,53,53,3,3,3,0.62724566,0.5480238,0.6407882,2,0.19664752768618546,False,0.6666666666666666
2021-07-18,deterioration,57,0,57,0,3,0,0,,0.49995112,0.6127803,0,,True,
2021-07-19,recovery_negative,50,50,50,50,3,3,3,0.6579384,0.5609516,0.66066426,3,0.21115534195876293,False,1.0
2021-07-26,recovery_negative,57,57,57,57,3,3,3,0.6432962,0.52505845,0.6448996,3,0.314774231090799,False,1.0
2021-07-27,deterioration,81,0,81,0,5,0,0,,0.42423245,0.63856435,0,,True,
2021-07-28,deterioration,81,0,81,0,5,0,0,,0.4110147,0.5845887,0,,True,
2021-07-31,recovery_negative,72,72,72,72,4,4,4,0.6335508,0.47352597,0.6513981,3,0.2019722967135717,False,0.75
2021-08-01,deterioration,78,0,78,0,4,0,0,,0.516591,0.6395468,0,,True,
2021-08-02,deterioration,89,0,89,0,5,0,0,,0.4444887,0.6142946,0,,True,
2021-08-03,recovery_negative,89,89,89,89,5,5,5,0.54646283,0.40262964,0.5953037,3,0.17683635382797966,False,0.6
2021-08-04,recovery_negative,94,94,94,94,5,5,5,0.62479997,0.47924834,0.6564479,5,0.3827301756276713,False,1.0
2021-08-07,deterioration,88,0,88,0,5,0,0,,0.52247065,0.6513544,0,,True,
2021-08-08,recovery_negative,82,82,82,82,5,5,5,0.6605225,0.5278526,0.6634382,4,0.2024392167477222,False,0.8
2021-08-09,recovery_negative,70,70,70,70,4,4,4,0.6971379,0.606925,0.69976735,4,0.3336313253376319,False,1.0
2021-08-10,recovery_negative,60,60,60,60,3,3,3,0.76363516,0.6321669,0.76493347,1,0.012336918508079617,False,0.3333333333333333
2021-08-11,recovery_negative,54,54,54,54,3,3,3,0.73150486,0.5914968,0.7361883,2,0.11118125042110454,False,0.6666666666666666
2021-08-14,recovery_negative,53,53,53,53,3,3,3,0.7435176,0.6399365,0.74415356,3,0.31024283893851234,False,1.0
2021-08-15,recovery_positive,47,47,47,47,3,3,3,0.716407,0.61440355,0.7187629,3,0.3886183075332306,False,1.0
2021-08-22,recovery_positive,42,42,42,42,3,3,3,0.69761556,0.53951204,0.7031801,3,0.24398162201245643,False,1.0
2021-08-23,recovery_positive,41,41,41,41,3,3,3,0.69737226,0.5313862,0.69878906,0,-0.07835016070310181,False,0.0
2021-08-24,recovery_positive,33,33,33,33,2,2,2,0.6464067,0.53405845,0.6468296,2,0.4668389248829302,False,1.0
2021-08-25,recovery_positive,31,31,31,31,2,2,2,0.8247372,0.5683509,0.826152,1,0.06004173772551842,False,0.5
2021-08-28,recovery_positive,27,27,27,27,2,2,2,0.83219004,0.6350994,0.8337453,1,0.01888444990780587,False,0.5
2021-08-29,recovery_positive,37,37,37,37,2,2,2,0.7139322,0.574852,0.7144641,1,0.13912698412698404,False,0.5
2021-08-30,recovery_positive,43,43,42,42,3,3,3,0.5178257,0.38007468,0.5320374,1,-0.04750430292598967,False,0.3333333333333333
2021-08-31,deterioration,52,0,44,0,3,0,0,,0.32824042,0.5729706,0,,True,
2021-09-01,deterioration,42,0,33,0,3,0,0,,0.32541773,0.52387863,0,,True,
2021-09-04,deterioration,39,0,35,0,2,0,0,,0.36802447,0.6078541,0,,True,
2021-09-05,deterioration,35,0,33,0,2,0,0,,0.37732065,0.6116918,0,,True,
2021-09-06,recovery_positive,48,48,48,48,3,3,3,0.63453525,0.38528422,0.6498773,2,0.2008425925925927,False,0.6666666666666666
2021-09-07,recovery_positive,45,45,43,43,3,3,3,0.5671111,0.3489521,0.59430563,0,-0.15,False,0.0
2021-09-08,deterioration,41,0,38,0,3,0,0,,0.36155698,0.5630957,0,,True,
2021-09-11,deterioration,47,0,31,0,3,0,0,,0.2751515,0.48125425,0,,True,
2021-09-12,deterioration,72,0,72,0,4,0,0,,0.49171612,0.6137312,0,,True,
2021-09-13,deterioration,73,0,71,0,4,0,0,,0.37348187,0.5670652,0,,True,
2021-09-14,deterioration,70,0,70,0,4,0,0,,0.3953449,0.532586,0,,True,
2021-09-15,deterioration,74,0,74,0,4,0,0,,0.3895706,0.5745523,0,,True,
2021-09-18,deterioration,77,0,77,0,4,0,0,,0.4195178,0.5525913,0,,True,
2021-09-19,deterioration,92,0,92,0,5,0,0,,0.67101187,0.7743317,0,,True,
2021-09-20,deterioration,100,0,100,0,5,0,0,,0.49544242,0.61992085,0,,True,
2021-09-21,deterioration,117,0,117,0,6,0,0,,0.41280544,0.61555755,0,,True,
2021-09-22,deterioration,108,0,108,0,6,0,0,,0.43611866,0.62450814,0,,True,
2021-09-25,deterioration,112,0,111,0,6,0,0,,0.3675035,0.57820463,0,,True,
2021-09-26,deterioration,107,0,107,0,6,0,0,,0.39962414,0.61432296,0,,True,
2021-09-28,deterioration,99,0,98,0,5,0,0,,0.34140575,0.56030303,0,,True,
2021-09-29,recovery_negative,103,103,102,102,6,6,6,0.5567069,0.37237015,0.5691119,1,-0.12283218566692171,False,0.16666666666666666
2021-10-02,recovery_negative,106,106,102,102,6,6,6,0.50693136,0.36216664,0.5357366,1,-0.07277296293800672,False,0.16666666666666666
2021-10-03,deterioration,100,0,59,0,5,0,0,,0.27866647,0.52564925,0,,True,
2021-10-04,recovery_negative,107,107,61,61,6,6,6,0.45725667,0.29852533,0.47140077,0,-0.13526392961876832,False,0.0
2021-10-06,recovery_negative,97,97,34,34,5,5,5,0.43971545,0.27058896,0.46834996,0,-0.1444408151672229,False,0.0
2021-10-09,deterioration,113,0,71,0,6,0,0,,0.28162026,0.52671486,0,,True,
2021-10-10,deterioration,118,0,100,0,6,0,0,,0.2768909,0.5787322,0,,True,
2021-10-11,deterioration,123,0,90,0,7,0,0,,0.29540855,0.5473381,0,,True,
2021-10-12,deterioration,124,0,123,0,7,0,0,,0.36643055,0.5718455,0,,True,
2021-10-13,deterioration,107,0,102,0,6,0,0,,0.3116203,0.5498136,0,,True,
2021-10-16,deterioration,125,0,117,0,7,0,0,,0.33851284,0.5588878,0,,True,
2021-10-17,deterioration,118,0,75,0,6,0,0,,0.2359482,0.53764766,0,,True,
2021-10-18,deterioration,117,0,73,0,6,0,0,,0.23300995,0.51032025,0,,True,
2021-10-19,recovery_negative,122,122,105,105,7,7,7,0.53287756,0.2993979,0.5803352,0,-0.1350110034502859,False,0.0
2021-10-20,recovery_negative,121,121,85,85,7,7,7,0.47066197,0.30006483,0.5145611,1,-0.07739913916929132,False,0.14285714285714285
2021-10-23,deterioration,118,0,116,0,6,0,0,,0.3673225,0.5573365,0,,True,
2021-10-25,deterioration,121,0,108,0,7,0,0,,0.30568743,0.5690902,0,,True,
2021-10-26,deterioration,117,0,109,0,6,0,0,,0.32095096,0.5826729,0,,True,
2021-10-27,deterioration,108,0,96,0,6,0,0,,0.3210646,0.55533916,0,,True,
2021-10-30,deterioration,107,0,103,0,6,0,0,,0.32483575,0.5854757,0,,True,
2021-10-31,deterioration,94,0,94,0,5,0,0,,0.44373548,0.6083087,0,,True,
2021-11-01,deterioration,102,0,96,0,6,0,0,,0.34987646,0.5496016,0,,True,
2021-11-02,recovery_negative,110,110,110,110,6,6,6,0.5746839,0.38567135,0.5884338,5,0.2925885816723332,False,0.8333333333333334
2021-11-03,recovery_negative,110,110,110,110,6,6,6,0.6367861,0.46071276,0.6572606,5,0.18562655722201757,False,0.8333333333333334
2021-11-06,recovery_negative,106,106,106,106,6,6,6,0.65759265,0.57599175,0.66261166,1,-0.1113402341781337,False,0.16666666666666666
2021-11-07,recovery_negative,115,115,115,115,6,6,6,0.7966484,0.65536755,0.7984823,3,-0.00216419434695878,False,0.5
2021-11-08,recovery_negative,113,113,113,113,6,6,6,0.7971761,0.6546173,0.79996973,2,-0.02975671608080011,False,0.3333333333333333
2021-11-09,recovery_negative,110,110,110,110,6,6,6,0.7994155,0.64803106,0.80326915,2,-0.0259812305131952,False,0.3333333333333333
2021-11-10,recovery_negative,102,102,102,102,6,6,6,0.6610245,0.52374357,0.6770398,0,-0.12244210580818866,False,0.0
2021-11-13,recovery_negative,106,106,106,106,6,6,6,0.60035276,0.45081773,0.61845905,1,-0.03567793725674242,False,0.16666666666666666
2021-11-14,recovery_negative,103,103,103,103,6,6,6,0.5912315,0.45620972,0.6109266,0,-0.12884615384615386,False,0.0
2021-11-15,deterioration,97,0,97,0,5,0,0,,0.3951442,0.61334205,0,,True,
2021-11-16,deterioration,95,0,95,0,5,0,0,,0.4177687,0.6021418,0,,True,
2021-11-17,deterioration,95,0,90,0,5,0,0,,0.35224128,0.560209,0,,True,
2021-11-20,deterioration,121,0,121,0,7,0,0,,0.43023166,0.61275417,0,,True,
2021-11-21,deterioration,117,0,109,0,6,0,0,,0.35987228,0.55529374,0,,True,
2021-11-22,recovery_negative,120,120,117,117,6,6,6,0.5358156,0.37922943,0.563383,2,0.0008623208222279752,False,0.3333333333333333
2021-11-23,recovery_negative,153,153,148,148,8,8,8,0.53788126,0.34405607,0.5688432,1,-0.09457622829045106,False,0.125
2021-11-24,deterioration,180,0,178,0,9,0,0,,0.3305067,0.5819929,0,,True,
2021-11-27,deterioration,202,0,197,0,11,0,0,,0.3618756,0.5914602,0,,True,
2021-11-28,deterioration,192,0,191,0,10,0,0,,0.3577657,0.590413,0,,True,
2021-11-29,deterioration,186,0,186,0,10,0,0,,0.4020289,0.6088146,0,,True,
2021-11-30,deterioration,187,0,186,0,10,0,0,,0.37778327,0.5904207,0,,True,
2021-12-01,deterioration,169,0,168,0,9,0,0,,0.35333052,0.58424973,0,,True,
2021-12-04,deterioration,156,0,156,0,8,0,0,,0.40552652,0.6328579,0,,True,
2021-12-05,deterioration,147,0,147,0,8,0,0,,0.41132337,0.6103819,0,,True,
2021-12-06,deterioration,156,0,156,0,8,0,0,,0.3912952,0.6093174,0,,True,
2021-12-07,deterioration,148,0,148,0,8,0,0,,0.40457442,0.60843843,0,,True,
2021-12-08,recovery_negative,143,143,143,143,8,8,8,0.6362916,0.45372757,0.64906156,0,-0.14019097222222224,False,0.0
2021-12-11,recovery_negative,147,147,147,147,8,8,8,0.62081033,0.40408495,0.6419214,1,-0.08385080333609743,False,0.125
2021-12-12,deterioration,145,0,145,0,8,0,0,,0.4170431,0.65081954,0,,True,
2021-12-13,deterioration,121,0,121,0,7,0,0,,0.41099647,0.63416547,0,,True,
2021-12-14,deterioration,113,0,113,0,6,0,0,,0.42605215,0.645404,0,,True,
2021-12-15,deterioration,110,0,110,0,6,0,0,,0.42178878,0.62007767,0,,True,
2021-12-18,deterioration,113,0,113,0,6,0,0,,0.43619785,0.636502,0,,True,
2021-12-19,deterioration,106,0,106,0,6,0,0,,0.39836603,0.66443145,0,,True,
2021-12-20,recovery_negative,114,114,114,114,6,6,6,0.59631276,0.45831203,0.6323755,1,-0.08341194968553456,False,0.16666666666666666
2021-12-21,recovery_negative,124,124,124,124,7,7,7,0.64980984,0.46381623,0.664608,3,-0.0033275809313135785,False,0.42857142857142855
2021-12-22,recovery_negative,117,117,117,117,6,6,6,0.6056399,0.48897007,0.6094921,2,-0.0017406781303831258,False,0.3333333333333333
2021-12-25,recovery_negative,111,111,111,111,6,6,6,0.67721444,0.5441567,0.6817693,5,0.08023968464551445,False,0.8333333333333334
2021-12-26,recovery_negative,107,107,107,107,6,6,6,0.5953044,0.4599885,0.60380125,2,0.007337720672626419,False,0.3333333333333333
2021-12-27,recovery_negative,103,103,103,103,6,6,6,0.7023502,0.54023963,0.7086904,1,-0.0074978250387477685,False,0.16666666666666666
2021-12-28,recovery_negative,102,102,102,102,6,6,6,0.6987562,0.5293348,0.7045968,0,-0.1350926582145576,False,0.0
2021-12-29,recovery_negative,107,107,107,107,6,6,6,0.6461927,0.51583767,0.6552004,1,-0.07956210449209489,False,0.16666666666666666
2022-01-01,recovery_negative,106,106,106,106,6,6,6,0.6005217,0.38929334,0.62892526,0,-0.12058874409342102,False,0.0
2022-01-02,recovery_negative,106,106,106,106,6,6,6,0.53856444,0.418661,0.547399,1,-0.06858850906756542,False,0.16666666666666666
2022-01-03,deterioration,108,0,108,0,6,0,0,,0.44466448,0.585279,0,,True,
2022-01-04,deterioration,116,0,115,0,6,0,0,,0.37938616,0.604182,0,,True,
2022-01-05,deterioration,127,0,127,0,7,0,0,,0.40272543,0.5856936,0,,True,
2022-01-08,deterioration,144,0,144,0,8,0,0,,0.418704,0.61043173,0,,True,
2022-01-09,deterioration,156,0,155,0,8,0,0,,0.3814158,0.6498669,0,,True,
2022-01-10,deterioration,154,0,154,0,8,0,0,,0.41461974,0.60775423,0,,True,
2022-01-11,deterioration,175,0,175,0,9,0,0,,0.41679847,0.5874351,0,,True,
2022-01-12,deterioration,205,0,205,0,11,0,0,,0.44177312,0.59705865,0,,True,
2022-01-15,deterioration,203,0,201,0,11,0,0,,0.36975932,0.57223916,0,,True,
2022-01-16,deterioration,191,0,191,0,10,0,0,,0.39878154,0.59884983,0,,True,
2022-01-17,deterioration,184,0,180,0,10,0,0,,0.35531867,0.5506199,0,,True,
2022-01-18,deterioration,162,0,161,0,9,0,0,,0.3757508,0.61164427,0,,True,
2022-01-19,deterioration,156,0,156,0,8,0,0,,0.39346537,0.59186876,0,,True,
2022-01-22,deterioration,139,0,137,0,7,0,0,,0.37579435,0.6331886,0,,True,
2022-01-23,deterioration,149,0,149,0,8,0,0,,0.40413487,0.6346041,0,,True,
2022-01-24,broad_decline,122,0,122,0,7,0,0,,0.42436984,0.6266948,0,,True,
2022-01-25,broad_decline,106,0,106,0,6,0,0,,0.4153606,0.6299552,0,,True,
2022-01-26,deterioration,114,0,114,0,6,0,0,,0.44817108,0.60225004,0,,True,
2022-01-29,recovery_negative,119,119,119,119,6,6,6,0.64256936,0.4288194,0.6500235,4,0.07411233879543505,False,0.6666666666666666
2022-01-30,recovery_negative,127,127,127,127,7,7,7,0.63043517,0.43144578,0.6371995,4,0.09201624208703693,False,0.5714285714285714
2022-01-31,recovery_negative,118,118,118,118,6,6,6,0.5847313,0.4109109,0.59561396,2,-0.051492542265364726,False,0.3333333333333333
2022-02-01,recovery_negative,124,124,124,124,7,7,7,0.64595634,0.45098156,0.65427697,6,0.0960367860616135,False,0.8571428571428571
2022-02-02,recovery_negative,119,119,119,119,6,6,6,0.6147047,0.44046387,0.622936,5,0.12775414632111623,False,0.8333333333333334
2022-02-05,recovery_negative,106,106,106,106,6,6,6,0.5444935,0.39850536,0.56829005,5,0.060303680741680556,False,0.8333333333333334
2022-02-06,recovery_negative,120,120,116,116,6,6,6,0.57580316,0.33583,0.59121895,3,-0.007015546973797179,False,0.5
2022-02-07,deterioration,116,0,116,0,6,0,0,,0.3850511,0.62146246,0,,True,
2022-02-08,deterioration,2,0,2,0,1,0,0,,0.42037752,0.48647806,0,,True,
2022-02-09,deterioration,111,0,106,0,6,0,0,,0.3457008,0.5553949,0,,True,
2022-02-12,deterioration,109,0,96,0,6,0,0,,0.32078028,0.55047995,0,,True,
2022-02-13,deterioration,109,0,97,0,6,0,0,,0.3310584,0.54223937,0,,True,
2022-02-14,recovery_negative,102,102,94,94,6,6,6,0.5443512,0.32861724,0.5603466,5,0.20773140849143124,False,0.8333333333333334
2022-02-16,recovery_negative,104,104,103,103,6,6,6,0.5114545,0.3669972,0.5364409,5,0.21138878667157068,False,0.8333333333333334
2022-02-19,recovery_negative,97,97,96,96,5,5,5,0.5145629,0.37686655,0.5376248,4,0.19653806107906485,False,0.8
2022-02-20,recovery_negative,121,121,121,121,7,7,7,0.5246541,0.38766918,0.5380204,7,0.34785139037575935,False,1.0
2022-02-21,recovery_negative,129,129,129,129,7,7,7,0.5973017,0.46292752,0.60474455,7,0.3271791889179846,False,1.0
2022-02-22,recovery_negative,133,133,133,133,7,7,7,0.5553689,0.43998703,0.56094,7,0.2831291200050297,False,1.0
2022-02-23,recovery_negative,132,132,132,132,7,7,7,0.5705612,0.46493652,0.57628447,7,0.24475522738830693,False,1.0
2022-02-26,recovery_negative,138,138,138,138,7,7,7,0.5629869,0.4678672,0.5674524,7,0.2637312401001166,False,1.0
2022-02-27,recovery_negative,125,125,125,125,7,7,7,0.57565624,0.46316493,0.5806189,7,0.20668767037244598,False,1.0
2022-02-28,recovery_negative,111,111,111,111,6,6,6,0.6201526,0.50099945,0.6270945,6,0.3519940428901162,False,1.0
2022-03-02,recovery_negative,111,111,111,111,6,6,6,0.58668894,0.44719124,0.60080355,5,0.24366385956869144,False,0.8333333333333334
2022-03-05,recovery_negative,103,103,103,103,6,6,6,0.6465926,0.4821795,0.65628463,6,0.23300791959106892,False,1.0
2022-03-06,recovery_negative,100,100,100,100,5,5,5,0.67047703,0.5441764,0.676207,5,0.26065749588911985,False,1.0
2022-03-07,recovery_negative,108,108,108,108,6,6,6,0.67464983,0.55940014,0.6773328,6,0.2538545019723264,False,1.0
2022-03-08,recovery_negative,119,119,119,119,6,6,6,0.6278378,0.5136658,0.6474959,6,0.305859790458826,False,1.0
2022-03-09,recovery_negative,104,104,104,104,6,6,6,0.66035944,0.54084307,0.66762865,6,0.5851736302799014,False,1.0
2022-03-12,recovery_negative,134,134,134,134,7,7,7,0.60002625,0.45628223,0.63293576,7,0.5967993492238056,False,1.0
2022-03-13,deterioration,124,0,124,0,7,0,0,,0.44645822,0.6048989,0,,True,
2022-03-14,deterioration,127,0,127,0,7,0,0,,0.41053244,0.5512926,0,,True,
2022-03-15,recovery_negative,137,137,137,137,7,7,7,0.60130405,0.4851662,0.63773715,7,0.4708916246409181,False,1.0
2022-03-16,recovery_negative,122,122,122,122,7,7,7,0.66100514,0.55184436,0.66517454,7,0.49856044499698676,False,1.0
2022-03-19,recovery_positive,101,101,101,101,6,6,6,0.5711402,0.49715155,0.57412666,6,0.3464777810086648,False,1.0
2022-03-26,recovery_positive,106,106,106,106,6,6,6,0.60573334,0.50102115,0.61647725,6,0.25178842555307035,False,1.0
2022-03-27,recovery_positive,95,95,95,95,5,5,5,0.6305559,0.49493653,0.6361533,5,0.5490810533490768,False,1.0
2022-03-28,recovery_positive,44,44,44,44,3,3,3,0.67558074,0.5668949,0.6783483,3,0.2236306895193058,False,1.0
2022-03-29,recovery_positive,83,83,83,83,5,5,5,0.6989611,0.50337064,0.70200396,5,0.37707073345512276,False,1.0
2022-03-30,recovery_positive,65,65,65,65,4,4,4,0.72606266,0.48459843,0.7381004,4,0.4065091667093626,False,1.0
2022-04-03,recovery_positive,50,50,50,50,3,3,3,0.76824546,0.52133965,0.769955,3,0.3188067969162631,False,1.0
2022-04-04,recovery_positive,61,61,61,61,4,4,4,0.7179178,0.47399038,0.7282127,4,0.23408655521640764,False,1.0
2022-04-05,recovery_positive,47,47,47,47,3,3,3,0.745046,0.50810045,0.7461149,3,0.4599354801918383,False,1.0
2022-04-06,recovery_positive,49,49,49,49,3,3,3,0.7062987,0.4834392,0.71128637,3,0.42459590560892363,False,1.0
2022-04-09,recovery_positive,42,42,42,42,3,3,3,0.6819839,0.5219676,0.6877488,3,0.5099957485733176,False,1.0
2022-04-10,recovery_positive,33,33,33,33,2,2,2,0.71719223,0.5883198,0.72330064,1,0.1835766894947668,False,0.5
2022-04-11,recovery_positive,33,33,33,33,2,2,2,0.76119053,0.5930379,0.76505756,2,0.19517760435829412,False,1.0
2022-04-12,deterioration,48,0,48,0,3,0,0,,0.46608904,0.6058144,0,,True,
2022-04-13,recovery_positive,38,38,38,38,2,2,2,0.6573951,0.507137,0.65926325,0,-0.07251001001001006,False,0.0
2022-04-16,recovery_positive,29,29,29,29,2,2,2,0.7200676,0.61980444,0.72537464,1,0.20479088618830693,False,0.5
2022-04-17,recovery_positive,25,25,25,25,2,2,2,0.6988629,0.63711065,0.6990286,2,0.5630477987209977,False,1.0
2022-04-18,recovery_positive,25,25,25,25,2,2,2,0.70345986,0.6060546,0.70550805,2,0.4384639594161711,False,1.0
2022-04-19,recovery_positive,24,24,24,24,2,2,2,0.79154944,0.52114,0.79542756,2,0.39670359054214,False,1.0
2022-04-20,recovery_positive,23,23,23,23,2,2,2,0.75596666,0.5187426,0.76229733,1,0.2282813526492049,False,0.5
2022-04-24,recovery_positive,24,24,24,24,2,2,2,0.69598377,0.4945137,0.69753224,2,0.3913273777917413,False,1.0
2022-04-25,recovery_positive,17,17,17,17,1,1,1,0.8238805,0.7054843,0.8238805,1,0.39794709830240826,False,1.0
2022-04-26,recovery_positive,19,19,19,19,1,1,1,0.8141905,0.731925,0.8141905,0,-0.04669421487603298,False,0.0
2022-04-27,deterioration,19,0,19,0,1,0,0,,0.6641343,0.75216484,0,,True,
2022-04-30,deterioration,13,0,13,0,1,0,0,,0.7063687,0.8289941,0,,True,
2022-05-01,recovery_positive,4,4,4,4,1,1,1,0.8397849,0.7951013,0.8397849,1,0.07272727272727253,False,1.0
2022-05-02,recovery_positive,15,15,15,15,1,1,1,0.83509296,0.78869194,0.83509296,0,-0.04653061224489807,False,0.0
2022-05-07,recovery_positive,13,13,13,13,1,1,1,0.8378617,0.7879498,0.8378617,0,-0.05655004068348235,False,0.0
2022-05-08,recovery_positive,12,12,12,12,1,1,1,0.82378465,0.77917737,0.82378465,0,-0.06581986143187069,False,0.0
2022-05-09,deterioration,16,0,16,0,1,0,0,,0.65979624,0.70490026,0,,True,
2022-05-10,deterioration,17,0,17,0,1,0,0,,0.5580612,0.73830384,0,,True,
2022-05-11,recovery_positive,15,15,15,15,1,1,1,0.8209096,0.80253917,0.8209096,1,0.009879725085910396,False,1.0
2022-05-14,recovery_positive,13,13,13,13,1,1,1,0.83840436,0.58162785,0.83840436,0,-0.15,False,0.0
2022-05-15,recovery_positive,13,13,13,13,1,1,1,0.831059,0.5680736,0.831059,0,-0.02512099562111081,False,0.0
2022-05-16,recovery_positive,14,14,14,14,1,1,1,0.84525704,0.56678075,0.84525704,0,-0.15,False,0.0
2022-05-17,deterioration,13,0,13,0,1,0,0,,0.516103,0.792032,0,,True,
2022-05-18,deterioration,15,0,15,0,1,0,0,,0.5018336,0.6812005,0,,True,
2022-05-21,deterioration,15,0,15,0,1,0,0,,0.51375467,0.6430337,0,,True,
2022-05-22,deterioration,15,0,15,0,1,0,0,,0.51721036,0.64772385,0,,True,
2022-05-23,deterioration,28,0,28,0,2,0,0,,0.42231807,0.5539997,0,,True,
2022-05-24,deterioration,29,0,29,0,2,0,0,,0.38586494,0.5080214,0,,True,
2022-05-25,deterioration,23,0,23,0,2,0,0,,0.38480785,0.4911493,0,,True,
2022-05-28,deterioration,38,0,38,0,2,0,0,,0.3868266,0.5303984,0,,True,
2022-05-29,deterioration,42,0,42,0,3,0,0,,0.38467076,0.5217477,0,,True,
2022-05-30,deterioration,44,0,38,0,3,0,0,,0.3478423,0.46573415,0,,True,
2022-05-31,deterioration,36,0,35,0,2,0,0,,0.3812005,0.5491369,0,,True,
2022-06-01,deterioration,31,0,30,0,2,0,0,,0.36113322,0.4879794,0,,True,
2022-06-06,deterioration,51,0,49,0,3,0,0,,0.37831163,0.5939311,0,,True,
2022-06-07,deterioration,53,0,40,0,3,0,0,,0.30134055,0.5159774,0,,True,
2022-06-08,deterioration,48,0,38,0,3,0,0,,0.3184649,0.52449197,0,,True,
2022-06-11,deterioration,66,0,56,0,4,0,0,,0.33979017,0.5578383,0,,True,
2022-06-12,deterioration,53,0,52,0,3,0,0,,0.3830344,0.5516424,0,,True,
2022-06-13,recovery_positive,51,51,51,51,3,3,3,0.57050216,0.45478985,0.5896992,0,-0.14478787878787877,False,0.0
2022-06-14,recovery_negative,57,57,57,57,3,3,3,0.5387053,0.41393384,0.54141355,1,0.11572514707509556,False,0.3333333333333333
2022-06-15,recovery_negative,60,60,59,59,3,3,3,0.5212574,0.36395442,0.52576727,0,-0.12396192351879208,False,0.0
2022-06-18,deterioration,71,0,70,0,4,0,0,,0.362279,0.5577212,0,,True,
2022-06-19,deterioration,71,0,70,0,4,0,0,,0.35996318,0.55818206,0,,True,
2022-06-20,deterioration,76,0,75,0,4,0,0,,0.37484843,0.5503558,0,,True,
2022-06-21,deterioration,79,0,79,0,4,0,0,,0.40050736,0.6007523,0,,True,
2022-06-22,deterioration,86,0,86,0,5,0,0,,0.39687046,0.57274705,0,,True,
2022-06-25,deterioration,90,0,90,0,5,0,0,,0.41405767,0.6272635,0,,True,
2022-06-26,deterioration,106,0,105,0,6,0,0,,0.3630728,0.601404,0,,True,
2022-06-27,deterioration,99,0,67,0,5,0,0,,0.31938502,0.49265975,0,,True,
2022-06-28,deterioration,95,0,95,0,5,0,0,,0.4790046,0.65277743,0,,True,
2022-06-29,recovery_negative,99,99,78,78,5,5,5,0.5383315,0.3566315,0.54473406,2,-0.03964125098281387,False,0.4
2022-07-02,deterioration,115,0,115,0,6,0,0,,0.38997382,0.5853923,0,,True,
2022-07-03,recovery_negative,106,106,106,106,6,6,6,0.5694155,0.41486818,0.5993293,2,-0.059885564795463496,False,0.3333333333333333
2022-07-04,recovery_negative,116,116,116,116,6,6,6,0.6036873,0.42228818,0.6167349,3,-0.001982244674978572,False,0.5
2022-07-05,recovery_negative,123,123,119,119,7,7,7,0.54989743,0.3808327,0.5890998,2,-0.055077549494685116,False,0.2857142857142857
2022-07-06,deterioration,123,0,123,0,7,0,0,,0.4184165,0.61699903,0,,True,
2022-07-09,recovery_negative,116,116,116,116,6,6,6,0.5659348,0.39602455,0.61726046,2,-0.035305531958121514,False,0.3333333333333333
2022-07-11,deterioration,125,0,125,0,7,0,0,,0.42302972,0.6364787,0,,True,
2022-07-12,deterioration,120,0,120,0,6,0,0,,0.4152606,0.6274512,0,,True,
2022-07-13,deterioration,117,0,117,0,6,0,0,,0.39137462,0.54759383,0,,True,
2022-07-16,deterioration,118,0,116,0,6,0,0,,0.3835058,0.59467965,0,,True,
2022-07-17,deterioration,118,0,117,0,6,0,0,,0.37120625,0.6290474,0,,True,
2022-07-19,deterioration,115,0,115,0,6,0,0,,0.38646153,0.61222655,0,,True,
2022-07-20,recovery_negative,109,109,109,109,6,6,6,0.5781424,0.44307443,0.60677767,5,0.09838466015654766,False,0.8333333333333334
2022-07-23,recovery_negative,118,118,118,118,6,6,6,0.5453003,0.39424148,0.57400876,4,0.03054249532188606,False,0.6666666666666666
2022-07-24,deterioration,128,0,128,0,7,0,0,,0.40157127,0.66561174,0,,True,
2022-07-25,deterioration,143,0,143,0,8,0,0,,0.40335268,0.6108059,0,,True,
2022-07-26,deterioration,131,0,128,0,7,0,0,,0.33913144,0.5939711,0,,True,
2022-07-27,deterioration,127,0,127,0,7,0,0,,0.38677657,0.6026973,0,,True,
2022-07-30,deterioration,132,0,132,0,7,0,0,,0.3918659,0.58989143,0,,True,
2022-07-31,deterioration,123,0,120,0,7,0,0,,0.35544637,0.6139794,0,,True,
2022-08-01,recovery_negative,120,120,88,88,6,6,6,0.51433855,0.3466702,0.538937,6,0.2587783738210804,False,1.0
2022-08-02,recovery_negative,120,120,114,114,6,6,6,0.5388398,0.37583742,0.55195343,6,0.2564567063496587,False,1.0
2022-08-03,recovery_negative,114,114,114,114,6,6,6,0.63298184,0.46131584,0.64527446,5,0.30383005866922663,False,0.8333333333333334
2022-08-06,recovery_negative,132,132,132,132,7,7,7,0.5900554,0.43717608,0.59755677,2,0.10285354960427118,False,0.2857142857142857
2022-08-09,recovery_negative,141,141,141,141,8,8,8,0.5786058,0.47497964,0.5837505,4,0.18855464008540096,False,0.5
2022-08-10,recovery_negative,134,134,134,134,7,7,7,0.5329296,0.42363858,0.54095745,6,0.15591894059146988,False,0.8571428571428571
2022-08-13,recovery_negative,132,132,132,132,7,7,7,0.62534183,0.4984829,0.6291937,3,0.01225164349172335,False,0.42857142857142855
2022-08-14,recovery_negative,149,149,149,149,8,8,8,0.5587895,0.44333282,0.59038067,5,0.16469105559404254,False,0.625
2022-08-15,recovery_negative,129,129,129,129,7,7,7,0.5583694,0.41770893,0.5644297,3,0.09214045500980576,False,0.42857142857142855
2022-08-16,recovery_negative,130,130,130,130,7,7,7,0.59747285,0.46218777,0.6264863,4,0.0871755055207702,False,0.5714285714285714
2022-08-17,recovery_negative,125,125,125,125,7,7,7,0.6039479,0.47138903,0.62411326,3,0.10245470208541325,False,0.42857142857142855
2022-08-20,deterioration,127,0,127,0,7,0,0,,0.39145157,0.57009166,0,,True,
2022-08-21,recovery_negative,135,135,135,135,7,7,7,0.5378523,0.4158488,0.5617941,5,0.09171391082278887,False,0.7142857142857143
2022-08-22,deterioration,137,0,137,0,7,0,0,,0.40080377,0.55900484,0,,True,
2022-08-23,recovery_negative,148,148,148,148,8,8,8,0.58881736,0.4238582,0.59751517,2,-0.050958113695182064,False,0.25
2022-08-24,recovery_positive,134,134,134,134,7,7,7,0.6419082,0.510541,0.64773417,2,-0.056105357317141044,False,0.2857142857142857
2022-08-27,recovery_positive,147,147,147,147,8,8,8,0.62582374,0.49554363,0.62906206,2,-0.0349591390079561,False,0.25
2022-08-28,recovery_negative,163,163,163,163,9,9,9,0.57067764,0.45541528,0.5757439,2,-0.06032661036487562,False,0.2222222222222222
2022-08-29,recovery_positive,150,150,150,150,8,8,8,0.61784995,0.47712708,0.62109673,1,-0.0736460961062873,False,0.125
2022-08-30,recovery_positive,158,158,158,158,8,8,8,0.55052537,0.4153167,0.56136596,1,-0.08196324485269156,False,0.125
2022-08-31,deterioration,152,0,152,0,8,0,0,,0.38466653,0.53907293,0,,True,
2022-09-03,deterioration,181,0,181,0,10,0,0,,0.40594664,0.6034084,0,,True,
2022-09-04,deterioration,159,0,159,0,8,0,0,,0.41241318,0.54131067,0,,True,
2022-09-05,deterioration,148,0,148,0,8,0,0,,0.41378382,0.6074784,0,,True,
2022-09-06,deterioration,146,0,137,0,8,0,0,,0.35661834,0.5630983,0,,True,
2022-09-07,deterioration,157,0,157,0,8,0,0,,0.39747807,0.5559263,0,,True,
2022-09-10,deterioration,190,0,190,0,10,0,0,,0.40956327,0.58977526,0,,True,
2022-09-11,deterioration,205,0,205,0,11,0,0,,0.39029714,0.5897221,0,,True,
2022-09-12,deterioration,195,0,195,0,10,0,0,,0.39531723,0.52212775,0,,True,
2022-09-13,deterioration,200,0,200,0,10,0,0,,0.40166616,0.5443563,0,,True,
2022-09-14,deterioration,200,0,199,0,10,0,0,,0.3825174,0.5330797,0,,True,
2022-09-18,deterioration,205,0,205,0,11,0,0,,0.41880447,0.6232708,0,,True,
2022-09-19,deterioration,194,0,194,0,10,0,0,,0.38930476,0.59176546,0,,True,
2022-09-20,deterioration,203,0,203,0,11,0,0,,0.38591102,0.6008064,0,,True,
2022-09-21,deterioration,197,0,196,0,10,0,0,,0.38095048,0.5836072,0,,True,
2022-09-24,deterioration,189,0,189,0,10,0,0,,0.3950274,0.62749034,0,,True,
2022-09-26,deterioration,182,0,182,0,10,0,0,,0.41086662,0.5905172,0,,True,
2022-09-28,recovery_negative,172,172,172,172,9,9,9,0.54476255,0.39591062,0.58456004,2,-0.05709605914327239,False,0.2222222222222222
2022-10-01,deterioration,181,0,181,0,10,0,0,,0.44111538,0.6310258,0,,True,
2022-10-02,deterioration,179,0,179,0,9,0,0,,0.3917887,0.6346604,0,,True,
2022-10-03,recovery_negative,166,166,164,164,9,9,9,0.52320105,0.36620346,0.5534678,6,0.14468761423463988,False,0.6666666666666666
2022-10-04,recovery_negative,167,167,167,167,9,9,9,0.51201886,0.38937905,0.5563241,2,-0.08730454165715806,False,0.2222222222222222
2022-10-08,deterioration,153,0,152,0,8,0,0,,0.37676632,0.5670777,0,,True,
2022-10-09,deterioration,129,0,129,0,7,0,0,,0.40832177,0.62904584,0,,True,
2022-10-10,recovery_negative,147,147,146,146,8,8,8,0.50554466,0.38384056,0.57809657,5,0.024331204215885752,False,0.625
2022-10-11,recovery_negative,139,139,139,139,7,7,7,0.5692121,0.4448514,0.58135957,4,0.03564918833578443,False,0.5714285714285714
2022-10-12,recovery_negative,143,143,143,143,8,8,8,0.51074916,0.41324803,0.5470487,2,-0.09058432371250705,False,0.25
2022-10-15,recovery_negative,140,140,140,140,7,7,7,0.5113162,0.3963876,0.5438259,5,0.1650625997251204,False,0.7142857142857143
2022-10-16,recovery_negative,137,137,137,137,7,7,7,0.5848993,0.41708222,0.6182909,5,0.14789662836742895,False,0.7142857142857143
2022-10-17,recovery_negative,127,127,82,82,7,7,7,0.47842947,0.3398844,0.5193386,5,0.16543411078276207,False,0.7142857142857143
2022-10-18,deterioration,132,0,132,0,7,0,0,,0.4162419,0.56652606,0,,True,
2022-10-19,deterioration,134,0,133,0,7,0,0,,0.3821986,0.53815013,0,,True,
2022-10-22,recovery_negative,135,135,135,135,7,7,7,0.4959464,0.38982764,0.51741344,3,0.021962233282433335,False,0.42857142857142855
2022-10-23,recovery_negative,127,127,127,127,7,7,7,0.5051711,0.3884117,0.5584204,5,0.14629553366456863,False,0.7142857142857143
2022-10-24,deterioration,138,0,138,0,7,0,0,,0.38698554,0.63896185,0,,True,
2022-10-25,deterioration,122,0,121,0,7,0,0,,0.36896524,0.604816,0,,True,
2022-10-26,deterioration,110,0,109,0,6,0,0,,0.37161717,0.61761796,0,,True,
2022-10-29,deterioration,104,0,103,0,6,0,0,,0.3522694,0.6300004,0,,True,
2022-10-30,deterioration,108,0,108,0,6,0,0,,0.40330046,0.58966726,0,,True,
2022-10-31,recovery_negative,116,116,116,116,6,6,6,0.6115176,0.42222238,0.628586,4,0.2993136038684033,False,0.6666666666666666
2022-11-01,recovery_negative,132,132,132,132,7,7,7,0.6109297,0.44537023,0.6219397,5,0.25415051808860106,False,0.7142857142857143
2022-11-02,recovery_negative,133,133,133,133,7,7,7,0.54655844,0.3936158,0.59197617,6,0.23856156118384433,False,0.8571428571428571
2022-11-05,recovery_negative,143,143,143,143,8,8,8,0.614814,0.51938194,0.6262836,8,0.2565430309099189,False,1.0
2022-11-06,recovery_negative,136,136,136,136,7,7,7,0.6932916,0.51353836,0.7005408,6,0.29514726728784674,False,0.8571428571428571
2022-11-07,recovery_positive,144,144,144,144,8,8,8,0.5697027,0.45051843,0.58054036,8,0.2207145972986337,False,1.0
2022-11-08,recovery_positive,140,140,140,140,7,7,7,0.63833666,0.47659555,0.64866567,6,0.31407025460966764,False,0.8571428571428571
2022-11-09,recovery_positive,124,124,124,124,7,7,7,0.592599,0.43148577,0.60420835,7,0.21751159797163747,False,1.0
2022-11-12,recovery_positive,119,119,119,119,6,6,6,0.5867254,0.40034232,0.5967644,6,0.20262642198988312,False,1.0
2022-11-13,recovery_positive,128,128,128,128,7,7,7,0.55041844,0.4295995,0.5609311,7,0.30275067203999634,False,1.0
2022-11-14,deterioration,124,0,121,0,7,0,0,,0.3361814,0.5355634,0,,True,
2022-11-15,recovery_positive,118,118,118,118,6,6,6,0.5381798,0.39116022,0.55752444,6,0.30103605920206516,False,1.0
2022-11-16,deterioration,114,0,111,0,6,0,0,,0.35141623,0.5211452,0,,True,
2022-11-19,deterioration,129,0,115,0,7,0,0,,0.3110443,0.5109125,0,,True,
2022-11-20,recovery_positive,111,111,111,111,6,6,6,0.54777265,0.40586278,0.561025,6,0.2865527024018131,False,1.0
2022-11-21,recovery_positive,114,114,112,112,6,6,6,0.49836043,0.36847347,0.5283535,6,0.4140175548972859,False,1.0
2022-11-22,recovery_positive,106,106,101,101,6,6,6,0.49067557,0.34463096,0.5199901,6,0.4077762641182725,False,1.0
2022-11-23,recovery_positive,105,105,105,105,6,6,6,0.52493286,0.41571456,0.54525423,6,0.4776955434915509,False,1.0
2022-11-26,recovery_positive,101,101,101,101,6,6,6,0.53256196,0.43076387,0.5624195,6,0.4574151799326674,False,1.0
2022-11-27,recovery_positive,104,104,102,102,6,6,6,0.49568188,0.38397676,0.51009434,6,0.4928910470003109,False,1.0
2022-11-28,recovery_positive,104,104,104,104,6,6,6,0.49967995,0.39175802,0.50762254,6,0.366639467737409,False,1.0
2022-11-29,recovery_positive,92,92,92,92,5,5,5,0.61857617,0.47358814,0.62343746,5,0.304485100031666,False,1.0
2022-11-30,recovery_positive,81,81,81,81,5,5,5,0.5211394,0.4138038,0.5269104,5,0.34656887523135593,False,1.0
2022-12-04,recovery_positive,79,79,79,79,4,4,4,0.5461759,0.41385418,0.5476627,4,0.2861797379087269,False,1.0
2022-12-05,deterioration,84,0,78,0,5,0,0,,0.33865076,0.47228846,0,,True,
2022-12-06,deterioration,67,0,67,0,4,0,0,,0.44700554,0.54885244,0,,True,
2022-12-07,deterioration,74,0,74,0,4,0,0,,0.3972361,0.5243947,0,,True,
2022-12-10,deterioration,86,0,78,0,5,0,0,,0.35443497,0.50510234,0,,True,
2022-12-11,deterioration,74,0,74,0,4,0,0,,0.40889966,0.5577063,0,,True,
2022-12-12,recovery_positive,58,58,58,58,3,3,3,0.59361786,0.5023561,0.5965436,3,0.24796348197235893,False,1.0
2022-12-13,recovery_positive,48,48,48,48,3,3,3,0.6778749,0.5453638,0.67956793,3,0.26315440541795154,False,1.0
2022-12-14,recovery_positive,46,46,46,46,3,3,3,0.69929254,0.48712894,0.70453405,3,0.25547499500681253,False,1.0
2022-12-17,recovery_positive,39,39,39,39,2,2,2,0.72214174,0.5079445,0.72273284,2,0.28909366960482485,False,1.0
2022-12-18,recovery_positive,28,28,28,28,2,2,2,0.7868671,0.49785277,0.78755563,2,0.3500981580604322,False,1.0
2022-12-19,recovery_positive,33,33,33,33,2,2,2,0.66864115,0.47960126,0.66948617,2,0.1855414398064127,False,1.0
2022-12-20,recovery_positive,28,28,28,28,2,2,2,0.5974529,0.4491132,0.6026199,2,0.21621366423008015,False,1.0
2022-12-21,recovery_positive,27,27,27,27,2,2,2,0.70439106,0.50099254,0.70777744,2,0.17075270079275418,False,1.0
2022-12-24,recovery_positive,26,26,26,26,2,2,2,0.82284576,0.5760745,0.82284576,2,0.1971994260683404,False,1.0
2022-12-25,recovery_positive,22,22,22,22,2,2,2,0.83087015,0.6741075,0.8311028,2,0.23977803900612005,False,1.0
2022-12-26,recovery_positive,23,23,23,23,2,2,2,0.84561163,0.7972563,0.8458176,2,0.22621946050528696,False,1.0
2022-12-28,recovery_positive,17,17,17,17,1,1,1,0.834491,0.8069977,0.834491,1,0.2865934065934066,False,1.0
2022-12-31,recovery_positive,22,22,22,22,2,2,2,0.74190456,0.6697536,0.7439401,2,0.22828243854040342,False,1.0
2023-01-01,deterioration,25,0,25,0,2,0,0,,0.5031611,0.61728543,0,,True,
2023-01-02,recovery_positive,19,19,19,19,1,1,1,0.7539598,0.68030494,0.7539598,0,-0.06172839506172845,False,0.0
2023-01-03,deterioration,20,0,20,0,1,0,0,,0.6126469,0.7131206,0,,True,
2023-01-04,deterioration,14,0,14,0,1,0,0,,0.5833606,0.6896702,0,,True,
2023-01-07,recovery_positive,13,13,13,13,1,1,1,0.7651098,0.686296,0.7651098,0,-0.15,False,0.0
2023-01-08,recovery_positive,8,8,8,8,1,1,1,0.81964374,0.53988075,0.81964374,1,0.2530800821355237,False,1.0
2023-01-09,recovery_positive,7,7,7,7,1,1,1,0.8193694,0.45466325,0.8193694,0,-0.04069767441860461,False,0.0
2023-01-10,recovery_positive,10,10,10,10,1,1,1,0.82601285,0.41352665,0.82601285,0,-0.02083333333333337,False,0.0
2023-01-11,recovery_positive,10,10,10,10,1,1,1,0.81700957,0.38507745,0.81700957,0,-0.01279069767441865,False,0.0
2023-01-14,recovery_positive,11,11,10,10,1,1,1,0.80900264,0.38274136,0.80900264,1,0.3123655913978496,False,1.0
2023-01-16,recovery_positive,8,8,8,8,1,1,1,0.7742703,0.4020212,0.7742703,1,0.2647668393782385,False,1.0
2023-01-17,recovery_positive,6,6,5,5,1,1,1,0.7690211,0.36931288,0.7690211,1,0.09195402298850586,False,1.0
2023-01-18,recovery_positive,4,4,4,4,1,1,1,0.7987661,0.39573038,0.7987661,1,0.2706923477355545,False,1.0
2023-01-21,recovery_positive,9,9,9,9,1,1,1,0.7541142,0.38525745,0.7541142,1,0.006666666666666599,False,1.0
2023-01-22,deterioration,14,0,14,0,1,0,0,,0.40607822,0.7200836,0,,True,
2023-01-23,deterioration,12,0,11,0,1,0,0,,0.38342124,0.7124206,0,,True,
2023-01-24,deterioration,15,0,15,0,1,0,0,,0.4280351,0.6329104,0,,True,
2023-01-25,deterioration,19,0,19,0,1,0,0,,0.41183296,0.6159142,0,,True,
2023-01-28,deterioration,20,0,14,0,1,0,0,,0.3123452,0.507082,0,,True,
2023-01-29,deterioration,22,0,22,0,2,0,0,,0.4773746,0.5798977,0,,True,
2023-01-30,deterioration,28,0,28,0,2,0,0,,0.39453366,0.5604934,0,,True,
2023-01-31,deterioration,25,0,25,0,2,0,0,,0.3894216,0.5772141,0,,True,
2023-02-01,deterioration,23,0,19,0,2,0,0,,0.3583107,0.53204316,0,,True,
2023-02-05,deterioration,31,0,31,0,2,0,0,,0.40431616,0.5445223,0,,True,
2023-02-06,deterioration,35,0,35,0,2,0,0,,0.41724426,0.5880424,0,,True,
2023-02-07,deterioration,28,0,27,0,2,0,0,,0.37103432,0.54684114,0,,True,
2023-02-08,deterioration,29,0,26,0,2,0,0,,0.3790626,0.5502669,0,,True,
2023-02-12,deterioration,34,0,34,0,2,0,0,,0.38898075,0.5200057,0,,True,
2023-02-13,recovery_negative,38,38,37,37,2,2,2,0.5255042,0.38161924,0.5284741,2,0.39670206325543633,False,1.0
2023-02-14,deterioration,48,0,42,0,3,0,0,,0.34618074,0.5240035,0,,True,
2023-02-15,deterioration,47,0,26,0,3,0,0,,0.27573717,0.45959726,0,,True,
2023-02-19,deterioration,46,0,5,0,3,0,0,,0.26753342,0.43512285,0,,True,
2023-02-20,recovery_positive,29,29,29,29,2,2,2,0.5888616,0.5081917,0.5906285,2,0.3691781650258723,False,1.0
2023-02-21,recovery_positive,34,34,34,34,2,2,2,0.6404182,0.5487249,0.6417045,2,0.3614951356886841,False,1.0
2023-02-22,recovery_positive,30,30,30,30,2,2,2,0.66645116,0.55581135,0.67537385,2,0.34409089488325584,False,1.0
2023-02-25,recovery_positive,21,21,21,21,2,2,2,0.6573449,0.5700922,0.65982795,2,0.22998210491793936,False,1.0
2023-02-26,recovery_positive,34,34,34,34,2,2,2,0.77909654,0.68630934,0.7808591,2,0.37689706305887916,False,1.0
2023-02-27,recovery_positive,31,31,31,31,2,2,2,0.8035107,0.6970516,0.80495197,2,1.1228412700219712,False,1.0
2023-02-28,recovery_positive,30,30,30,30,2,2,2,0.8353446,0.7321297,0.8365634,2,1.2914072100118612,False,1.0
2023-03-01,recovery_positive,39,39,39,39,2,2,2,0.66621876,0.51847416,0.6676464,2,0.7039472050583162,False,1.0
2023-03-04,deterioration,47,0,47,0,3,0,0,,0.39247534,0.49659535,0,,True,
2023-03-05,deterioration,58,0,58,0,3,0,0,,0.4793577,0.6079417,0,,True,
2023-03-06,deterioration,54,0,54,0,3,0,0,,0.4354775,0.5285232,0,,True,
2023-03-07,recovery_positive,42,42,42,42,3,3,3,0.7005478,0.5900515,0.70213914,3,0.7875202007067493,False,1.0
2023-03-11,recovery_positive,44,44,44,44,3,3,3,0.6417929,0.55169004,0.6470179,3,0.8881690957989026,False,1.0
2023-03-12,deterioration,70,0,70,0,4,0,0,,0.38594538,0.5102632,0,,True,
2023-03-13,deterioration,88,0,87,0,5,0,0,,0.3833776,0.5066651,0,,True,
2023-03-14,deterioration,93,0,92,0,5,0,0,,0.3825432,0.5093881,0,,True,
2023-03-15,deterioration,63,0,63,0,4,0,0,,0.51148117,0.652481,0,,True,
2023-03-18,recovery_positive,22,22,22,22,2,2,2,0.76144856,0.65024924,0.7624857,2,0.6754685408299865,False,1.0
2023-03-19,recovery_positive,25,25,25,25,2,2,2,0.78972816,0.6817647,0.79134405,2,0.7606251711884441,False,1.0
2023-03-25,recovery_positive,26,26,26,26,2,2,2,0.8103957,0.70999384,0.8108547,2,0.6556767230668856,False,1.0
2023-03-26,recovery_positive,21,21,21,21,2,2,2,0.7800485,0.686571,0.7800485,2,0.7065627743634767,False,1.0
2023-03-28,recovery_positive,12,12,12,12,1,1,1,0.75329494,0.6324972,0.75329494,1,0.7194200530937305,False,1.0
2023-03-29,recovery_positive,8,8,8,8,1,1,1,0.8171806,0.71971244,0.8171806,1,0.46123076923076933,False,1.0
2023-04-03,recovery_positive,8,8,8,8,1,1,1,0.8212755,0.7687338,0.8212755,1,0.3319530710835057,False,1.0
2023-04-04,recovery_positive,7,7,7,7,1,1,1,0.82133514,0.7835301,0.82133514,1,0.28533113265937704,False,1.0
2023-04-05,recovery_positive,6,6,6,6,1,1,1,0.8178427,0.79386026,0.8178427,1,0.3282863041982105,False,1.0
2023-04-08,recovery_positive,7,7,7,7,1,1,1,0.7395512,0.7166251,0.7395512,1,0.2557952025801249,False,1.0
2023-04-09,broad_advance,6,0,6,0,1,0,0,,0.73392355,0.79629177,0,,True,
2023-04-10,recovery_positive,6,6,6,6,1,1,1,0.75507236,0.6880136,0.75507236,1,0.17280453257790374,False,1.0
2023-04-11,broad_advance,5,0,5,0,1,0,0,,0.75562465,0.78989834,0,,True,
2023-04-15,broad_advance,2,0,2,0,1,0,0,,0.7058332,0.7070712,0,,True,
2023-04-16,broad_advance,2,0,2,0,1,0,0,,0.677465,0.7324309,0,,True,
2023-04-17,broad_advance,2,0,2,0,1,0,0,,0.7486872,0.78995353,0,,True,
2023-04-18,broad_advance,5,0,5,0,1,0,0,,0.7384691,0.78597534,0,,True,
2023-04-19,broad_advance,3,0,3,0,1,0,0,,0.7396863,0.7778651,0,,True,
2023-04-24,broad_advance,3,0,3,0,1,0,0,,0.74947375,0.77870953,0,,True,
2023-04-25,broad_advance,3,0,3,0,1,0,0,,0.7725786,0.79227203,0,,True,
2023-04-26,broad_advance,2,0,2,0,1,0,0,,0.77660245,0.77916783,0,,True,
2023-04-29,broad_advance,2,0,2,0,1,0,0,,0.7821236,0.799618,0,,True,
2023-04-30,broad_advance,2,0,2,0,1,0,0,,0.78633755,0.802176,0,,True,
2023-05-01,broad_advance,2,0,2,0,1,0,0,,0.7932563,0.8016122,0,,True,
2023-05-07,deterioration,1,0,1,0,1,0,0,,0.6501397,0.6501397,0,,True,
2023-05-08,deterioration,2,0,2,0,1,0,0,,0.67942494,0.69808745,0,,True,
2023-05-09,deterioration,2,0,2,0,1,0,0,,0.7198689,0.74525887,0,,True,
2023-05-10,deterioration,7,0,7,0,1,0,0,,0.48289058,0.553065,0,,True,
2023-05-13,deterioration,6,0,6,0,1,0,0,,0.47119865,0.5289495,0,,True,
2023-05-14,deterioration,9,0,9,0,1,0,0,,0.62086964,0.6584209,0,,True,
2023-05-15,deterioration,9,0,9,0,1,0,0,,0.53358895,0.6347847,0,,True,
2023-05-17,deterioration,9,0,9,0,1,0,0,,0.5851446,0.66411173,0,,True,
2023-05-20,deterioration,9,0,9,0,1,0,0,,0.50898665,0.592371,0,,True,
2023-05-21,recovery_positive,8,8,8,8,1,1,1,0.6769508,0.57108325,0.6769508,1,0.036465638148667656,False,1.0
2023-05-22,recovery_positive,7,7,7,7,1,1,1,0.6847752,0.5982237,0.6847752,0,-0.15,False,0.0
2023-05-23,recovery_positive,8,8,8,8,1,1,1,0.77572125,0.7000542,0.77572125,0,-0.15,False,0.0
2023-05-24,recovery_positive,9,9,9,9,1,1,1,0.6953022,0.5897696,0.6953022,0,-0.15,False,0.0
2023-05-27,deterioration,12,0,12,0,1,0,0,,0.47578266,0.57026654,0,,True,
2023-05-28,deterioration,11,0,11,0,1,0,0,,0.47065282,0.5124316,0,,True,
2023-05-29,deterioration,14,0,14,0,1,0,0,,0.50338906,0.59514254,0,,True,
2023-05-30,deterioration,13,0,13,0,1,0,0,,0.5152641,0.6107394,0,,True,
2023-05-31,deterioration,14,0,14,0,1,0,0,,0.52341986,0.6218591,0,,True,
2023-06-03,deterioration,22,0,22,0,2,0,0,,0.5368362,0.6127453,0,,True,
2023-06-06,recovery_positive,26,26,26,26,2,2,2,0.64110374,0.5816372,0.64444906,1,0.0320252469813392,False,0.5
2023-06-07,recovery_positive,46,46,46,46,3,3,3,0.662433,0.57944477,0.67148155,1,-0.07970530998053936,False,0.3333333333333333
2023-06-10,deterioration,73,0,73,0,4,0,0,,0.4731414,0.58988136,0,,True,
2023-06-11,deterioration,84,0,84,0,5,0,0,,0.6644566,0.7725112,0,,True,
2023-06-12,deterioration,93,0,93,0,5,0,0,,0.4578594,0.60825455,0,,True,
2023-06-13,deterioration,86,0,73,0,5,0,0,,0.35586897,0.54867136,0,,True,
2023-06-14,deterioration,90,0,85,0,5,0,0,,0.375071,0.55473936,0,,True,
2023-06-17,deterioration,96,0,90,0,5,0,0,,0.3473344,0.5954782,0,,True,
2023-06-18,deterioration,83,0,67,0,5,0,0,,0.3475614,0.5579914,0,,True,
2023-06-19,recovery_negative,85,85,84,84,5,5,5,0.5574152,0.3787654,0.5696706,0,-0.10482306940371458,False,0.0
2023-06-20,recovery_negative,77,77,71,71,4,4,4,0.5342313,0.36187625,0.53626436,1,0.027834208175425007,False,0.25
2023-06-21,deterioration,68,0,68,0,4,0,0,,0.3863809,0.57513905,0,,True,
2023-06-24,deterioration,69,0,58,0,4,0,0,,0.3457968,0.5461478,0,,True,
2023-06-25,recovery_negative,63,63,63,63,4,4,4,0.600163,0.46619606,0.6150896,1,0.009034529638656509,False,0.25
2023-06-26,recovery_positive,66,66,66,66,4,4,4,0.6206517,0.4813247,0.63813186,1,-0.01398378228137899,False,0.25
2023-06-27,recovery_negative,81,81,22,22,5,5,5,0.4306107,0.2584748,0.48892635,2,-0.04365771929278784,False,0.4
2023-06-28,deterioration,78,0,16,0,4,0,0,,0.26611388,0.45890123,0,,True,
2023-07-01,recovery_negative,83,83,22,22,5,5,5,0.43586895,0.254994,0.50383633,2,-0.02558253774656181,False,0.4
2023-07-02,recovery_positive,79,79,50,50,4,4,4,0.47066966,0.291821,0.53924084,1,-0.09323149378094435,False,0.25
2023-07-03,recovery_positive,73,73,73,73,4,4,4,0.5927533,0.38704795,0.62245643,0,-0.15,False,0.0
2023-07-04,recovery_positive,76,76,76,76,4,4,4,0.6405301,0.49508315,0.64663744,0,-0.12184999999999999,False,0.0
2023-07-05,recovery_positive,96,96,96,96,5,5,5,0.652133,0.5297052,0.6695676,0,-0.11930113513240936,False,0.0
2023-07-08,recovery_positive,110,110,110,110,6,6,6,0.63574964,0.5307078,0.649244,1,-0.10937498740207452,False,0.16666666666666666
2023-07-09,recovery_positive,119,119,119,119,6,6,6,0.6200945,0.49067205,0.6303267,0,-0.1482516861909833,False,0.0
2023-07-10,deterioration,131,0,131,0,7,0,0,,0.41002536,0.59876776,0,,True,
2023-07-11,deterioration,126,0,126,0,7,0,0,,0.41745168,0.6569816,0,,True,
2023-07-12,deterioration,131,0,131,0,7,0,0,,0.40324757,0.64601725,0,,True,
2023-07-15,deterioration,119,0,115,0,6,0,0,,0.3507606,0.62819713,0,,True,
2023-07-16,deterioration,112,0,112,0,6,0,0,,0.41648668,0.6367108,0,,True,
2023-07-17,deterioration,111,0,111,0,6,0,0,,0.42457363,0.6069154,0,,True,
2023-07-18,deterioration,112,0,112,0,6,0,0,,0.43803662,0.58903706,0,,True,
2023-07-19,deterioration,88,0,88,0,5,0,0,,0.39473927,0.62480044,0,,True,
2023-07-22,deterioration,99,0,97,0,5,0,0,,0.33969256,0.6176909,0,,True,
2023-07-23,recovery_negative,104,104,103,103,6,6,6,0.56927675,0.37822792,0.60284525,3,-0.011981734783239767,False,0.5
2023-07-24,recovery_negative,113,113,113,113,6,6,6,0.6224741,0.47790733,0.6500403,3,0.009065400940237356,False,0.5
2023-07-25,recovery_negative,117,117,113,113,6,6,6,0.5673595,0.34996605,0.5849481,4,0.03646155267347304,False,0.6666666666666666
2023-07-26,recovery_negative,117,117,117,117,6,6,6,0.5802061,0.390482,0.58851796,2,0.008704411482335995,False,0.3333333333333333
2023-07-29,recovery_negative,126,126,126,126,7,7,7,0.53926903,0.39589345,0.5610903,3,-0.036574717341127834,False,0.42857142857142855
2023-07-30,deterioration,111,0,111,0,6,0,0,,0.43516302,0.6285558,0,,True,
2023-07-31,deterioration,118,0,118,0,6,0,0,,0.3959118,0.59895474,0,,True,
2023-08-01,recovery_negative,115,115,115,115,6,6,6,0.63709635,0.44989687,0.6615764,5,0.061071467545142276,False,0.8333333333333334
2023-08-05,recovery_negative,115,115,115,115,6,6,6,0.5354354,0.42227182,0.55361634,2,0.008024858118933853,False,0.3333333333333333
2023-08-06,recovery_negative,116,116,116,116,6,6,6,0.5276034,0.38816273,0.5522392,1,-0.06129453051695668,False,0.16666666666666666
2023-08-07,recovery_negative,110,110,110,110,6,6,6,0.5715122,0.47647795,0.5841221,3,0.01259208787192533,False,0.5
2023-08-08,recovery_negative,117,117,116,116,6,6,6,0.52955526,0.3731253,0.5552903,3,-0.035608522427062396,False,0.5
2023-08-09,deterioration,144,0,144,0,8,0,0,,0.38917175,0.56641984,0,,True,
2023-08-12,deterioration,146,0,146,0,8,0,0,,0.41725233,0.64120173,0,,True,
2023-08-13,deterioration,148,0,147,0,8,0,0,,0.36831084,0.5803911,0,,True,
2023-08-14,deterioration,149,0,120,0,8,0,0,,0.31543836,0.56954867,0,,True,
2023-08-15,deterioration,155,0,120,0,8,0,0,,0.30231985,0.5636199,0,,True,
2023-08-16,deterioration,158,0,152,0,8,0,0,,0.32687688,0.5739366,0,,True,
2023-08-19,deterioration,140,0,134,0,7,0,0,,0.32460687,0.560963,0,,True,
2023-08-20,deterioration,144,0,144,0,8,0,0,,0.3880152,0.58240837,0,,True,
2023-08-21,deterioration,146,0,141,0,8,0,0,,0.36707675,0.5479359,0,,True,
2023-08-22,deterioration,130,0,122,0,7,0,0,,0.3311565,0.59397274,0,,True,
2023-08-23,deterioration,148,0,148,0,8,0,0,,0.39428353,0.59856874,0,,True,
2023-08-26,recovery_negative,152,152,151,151,8,8,8,0.533531,0.36987284,0.5454455,5,0.12850078930193587,False,0.625
2023-08-27,recovery_negative,149,149,149,149,8,8,8,0.5717841,0.43619883,0.58706266,3,0.009265469723942946,False,0.375
2023-08-28,recovery_negative,136,136,136,136,7,7,7,0.71380407,0.5431961,0.72673446,5,0.09634015434797176,False,0.7142857142857143
2023-08-29,recovery_negative,121,121,121,121,7,7,7,0.6665078,0.512136,0.6765292,2,-0.021286965580117077,False,0.2857142857142857
2023-08-30,recovery_negative,127,127,127,127,7,7,7,0.6793243,0.50952303,0.6843381,4,0.06735265236434017,False,0.5714285714285714
2023-09-02,recovery_negative,123,123,123,123,7,7,7,0.6400091,0.4860453,0.6549728,3,0.06228542329052362,False,0.42857142857142855
2023-09-03,recovery_negative,119,119,119,119,6,6,6,0.5916635,0.40319613,0.6023967,2,-0.06407595116144185,False,0.3333333333333333
2023-09-04,recovery_positive,118,118,118,118,6,6,6,0.6105528,0.47028705,0.61644506,1,-0.11799008112848286,False,0.16666666666666666
2023-09-05,recovery_positive,116,116,116,116,6,6,6,0.61987686,0.47713163,0.62485945,3,0.04303363770028711,False,0.5
2023-09-09,deterioration,124,0,120,0,7,0,0,,0.37902972,0.5470972,0,,True,
2023-09-10,recovery_negative,123,123,123,123,7,7,7,0.5324717,0.39115906,0.54391545,2,-0.06845171740497365,False,0.2857142857142857
2023-09-11,recovery_negative,127,127,126,126,7,7,7,0.52508545,0.38063207,0.54479843,2,-0.0036455888793544477,False,0.2857142857142857
2023-09-12,deterioration,123,0,123,0,7,0,0,,0.4700168,0.60985976,0,,True,
2023-09-13,deterioration,135,0,135,0,7,0,0,,0.41189495,0.57195157,0,,True,
2023-09-17,recovery_positive,140,140,140,140,7,7,7,0.6650529,0.51498437,0.6778071,2,-0.014662739283861399,False,0.2857142857142857
2023-09-18,recovery_negative,185,185,185,185,10,10,10,0.6332661,0.48557392,0.63853586,4,-0.016681739900224625,False,0.4
2023-09-19,recovery_negative,187,187,187,187,10,10,10,0.58605164,0.42359087,0.599994,1,-0.09766313537169233,False,0.1
2023-09-20,deterioration,189,0,188,0,10,0,0,,0.38351688,0.5226915,0,,True,
2023-09-23,deterioration,173,0,169,0,9,0,0,,0.36869705,0.5169253,0,,True,
2023-09-25,deterioration,203,0,203,0,11,0,0,,0.3925045,0.5583827,0,,True,
2023-09-26,deterioration,171,0,150,0,9,0,0,,0.36043406,0.46223977,0,,True,
2023-09-27,deterioration,158,0,158,0,8,0,0,,0.4257926,0.52370214,0,,True,
2023-09-30,deterioration,174,0,174,0,9,0,0,,0.43971497,0.5826651,0,,True,
2023-10-01,deterioration,182,0,182,0,10,0,0,,0.46732885,0.59666497,0,,True,
2023-10-02,deterioration,148,0,148,0,8,0,0,,0.4400674,0.5488212,0,,True,
2023-10-04,deterioration,131,0,131,0,7,0,0,,0.4416575,0.5654084,0,,True,
2023-10-07,deterioration,161,0,161,0,9,0,0,,0.45946234,0.62149215,0,,True,
2023-10-08,deterioration,207,0,207,0,11,0,0,,0.42663795,0.6493554,0,,True,
2023-10-09,deterioration,210,0,205,0,11,0,0,,0.3638277,0.59440833,0,,True,
2023-10-10,deterioration,199,0,199,0,10,0,0,,0.40772906,0.60244286,0,,True,
2023-10-11,deterioration,192,0,192,0,10,0,0,,0.39036506,0.6017677,0,,True,
2023-10-14,deterioration,196,0,196,0,10,0,0,,0.38729775,0.6304784,0,,True,
2023-10-15,recovery_negative,179,179,174,174,9,9,9,0.5281345,0.37534985,0.56752044,4,0.0004415675734349546,False,0.4444444444444444
2023-10-16,recovery_negative,181,181,181,181,10,10,10,0.5564761,0.43433622,0.58664656,7,0.055018473935621315,False,0.7
2023-10-17,recovery_negative,172,172,167,167,9,9,9,0.508189,0.34810582,0.57745564,2,-0.023538591854605023,False,0.2222222222222222
2023-10-18,deterioration,170,0,170,0,9,0,0,,0.40347895,0.6289293,0,,True,
2023-10-21,recovery_negative,156,156,156,156,8,8,8,0.55124635,0.41488582,0.5819307,5,0.15010040930771523,False,0.625
2023-10-22,recovery_negative,150,150,150,150,8,8,8,0.52794075,0.42060685,0.56014186,4,-0.0013699525076694002,False,0.5
2023-10-23,deterioration,151,0,151,0,8,0,0,,0.41202217,0.59571713,0,,True,
2023-10-24,deterioration,163,0,163,0,9,0,0,,0.39779532,0.5933342,0,,True,
2023-10-25,deterioration,151,0,147,0,8,0,0,,0.36291805,0.5172833,0,,True,
2023-10-28,deterioration,123,0,123,0,7,0,0,,0.41461423,0.59123737,0,,True,
2023-10-29,deterioration,129,0,89,0,7,0,0,,0.30635178,0.5041054,0,,True,
2023-10-30,recovery_negative,143,143,95,95,8,8,8,0.46468434,0.31853795,0.48679194,7,0.08463906561985128,False,0.875
2023-10-31,recovery_negative,129,129,68,68,7,7,7,0.44114637,0.28896585,0.4859682,7,0.1491266405568826,False,1.0
2023-11-01,recovery_negative,130,130,94,94,7,7,7,0.5084225,0.28839743,0.52571434,7,0.2464576542207547,False,1.0
2023-11-04,recovery_negative,142,142,142,142,8,8,8,0.56318367,0.4744713,0.57793236,7,0.13564706092471424,False,0.875
2023-11-05,recovery_negative,155,155,154,154,8,8,8,0.52789843,0.37786862,0.57319486,7,0.1713879673050217,False,0.875
2023-11-06,recovery_negative,147,147,145,145,8,8,8,0.5285889,0.3728524,0.55337095,7,0.13295648661480708,False,0.875
2023-11-07,recovery_positive,144,144,144,144,8,8,8,0.6105421,0.491026,0.6185521,8,0.12249744063582046,False,1.0
2023-11-08,recovery_negative,150,150,150,150,8,8,8,0.6292811,0.5220984,0.6464967,8,0.15854019710393757,False,1.0
2023-11-11,recovery_negative,142,142,142,142,8,8,8,0.5747959,0.4649172,0.5982285,7,0.1356633411378026,False,0.875
2023-11-12,recovery_positive,126,126,126,126,7,7,7,0.5359033,0.40960535,0.5464884,7,0.1565315955793157,False,1.0
2023-11-13,recovery_negative,122,122,122,122,7,7,7,0.56779575,0.42544538,0.59086365,4,0.029265080751837345,False,0.5714285714285714
2023-11-14,deterioration,134,0,131,0,7,0,0,,0.3652484,0.52533764,0,,True,
2023-11-15,deterioration,123,0,122,0,7,0,0,,0.3835697,0.5364313,0,,True,
2023-11-18,deterioration,133,0,132,0,7,0,0,,0.383908,0.5424178,0,,True,
2023-11-19,deterioration,143,0,143,0,8,0,0,,0.38891995,0.5409086,0,,True,
2023-11-20,deterioration,152,0,52,0,8,0,0,,0.27001458,0.4708838,0,,True,
2023-11-21,deterioration,146,0,146,0,8,0,0,,0.40345472,0.5895348,0,,True,
2023-11-22,deterioration,144,0,144,0,8,0,0,,0.47751734,0.6057207,0,,True,
2023-11-25,deterioration,163,0,163,0,9,0,0,,0.44606465,0.62453526,0,,True,
2023-11-26,recovery_negative,151,151,151,151,8,8,8,0.6400235,0.4987999,0.6537037,6,0.3616048295652077,False,0.75
2023-11-27,recovery_negative,165,165,165,165,9,9,9,0.65308136,0.51066846,0.6644259,8,0.28390567659343663,False,0.8888888888888888
2023-11-28,recovery_negative,140,140,140,140,7,7,7,0.6165985,0.47373134,0.6216777,6,0.08525931138286144,False,0.8571428571428571
2023-11-29,recovery_positive,119,119,119,119,6,6,6,0.6034435,0.48340333,0.6151845,5,0.1799235630796395,False,0.8333333333333334
2023-12-02,recovery_positive,102,102,102,102,6,6,6,0.672021,0.6076146,0.6838585,3,0.12617698750349307,False,0.5
2023-12-03,recovery_positive,87,87,87,87,5,5,5,0.6083826,0.5174717,0.614692,3,0.031146497248926198,False,0.6
2023-12-04,recovery_positive,90,90,90,90,5,5,5,0.61565775,0.5246607,0.62156045,4,0.15707907650320446,False,0.8
2023-12-05,recovery_positive,80,80,80,80,4,4,4,0.64333034,0.54723597,0.64796853,0,-0.043761030685312036,False,0.0
2023-12-06,recovery_positive,82,82,82,82,5,5,5,0.5377216,0.46578255,0.5497114,1,-0.008886150736160814,False,0.2
2023-12-09,deterioration,87,0,87,0,5,0,0,,0.4570721,0.5538452,0,,True,
2023-12-10,deterioration,81,0,81,0,5,0,0,,0.40108147,0.51941997,0,,True,
2023-12-11,deterioration,87,0,87,0,5,0,0,,0.4268032,0.5534797,0,,True,
2023-12-12,deterioration,81,0,80,0,5,0,0,,0.38028026,0.5177988,0,,True,
2023-12-13,deterioration,86,0,86,0,5,0,0,,0.3917065,0.5172082,0,,True,
2023-12-16,recovery_positive,79,79,79,79,4,4,4,0.6140254,0.527241,0.6259238,0,-0.08347074509934962,False,0.0
2023-12-18,recovery_positive,70,70,70,70,4,4,4,0.6312261,0.54181653,0.63546485,1,-0.04196230953801022,False,0.25
2023-12-19,recovery_positive,75,75,75,75,4,4,4,0.540854,0.44470936,0.54483706,2,0.19628265916007742,False,0.5
2023-12-20,recovery_positive,76,76,76,76,4,4,4,0.5231375,0.4349714,0.5531048,3,0.0708683075674362,False,0.75
2023-12-23,recovery_positive,81,81,81,81,5,5,5,0.55273676,0.4438418,0.56054324,3,0.0063618353650915895,False,0.6
2023-12-24,deterioration,90,0,85,0,5,0,0,,0.3532303,0.47423676,0,,True,
2023-12-25,deterioration,95,0,77,0,5,0,0,,0.33968526,0.48534563,0,,True,
2023-12-26,deterioration,102,0,102,0,6,0,0,,0.39505428,0.5511352,0,,True,
2023-12-27,deterioration,90,0,79,0,5,0,0,,0.3522964,0.49306896,0,,True,
2023-12-30,deterioration,86,0,86,0,5,0,0,,0.39240548,0.543224,0,,True,
2023-12-31,deterioration,98,0,98,0,5,0,0,,0.3988064,0.529352,0,,True,
2024-01-01,deterioration,101,0,100,0,6,0,0,,0.38299024,0.51716477,0,,True,
2024-01-02,deterioration,103,0,103,0,6,0,0,,0.40067866,0.5834362,0,,True,
2024-01-03,deterioration,97,0,96,0,5,0,0,,0.38408864,0.5040598,0,,True,
2024-01-06,deterioration,102,0,97,0,6,0,0,,0.381071,0.50294197,0,,True,
2024-01-07,deterioration,100,0,100,0,5,0,0,,0.42044368,0.5544536,0,,True,
2024-01-08,deterioration,100,0,100,0,5,0,0,,0.41165143,0.5578752,0,,True,
2024-01-09,deterioration,95,0,95,0,5,0,0,,0.4091201,0.5357783,0,,True,
2024-01-10,recovery_negative,85,85,85,85,5,5,5,0.569331,0.44728643,0.57902706,0,-0.11464228635533417,False,0.0
2024-01-13,recovery_negative,80,80,80,80,4,4,4,0.54904336,0.41217896,0.55199337,2,0.025255911263916075,False,0.5
2024-01-14,recovery_negative,70,70,70,70,4,4,4,0.61111116,0.4831217,0.62827146,2,0.037096541098348895,False,0.5
2024-01-15,recovery_negative,78,78,62,62,4,4,4,0.4985731,0.35479882,0.53716916,2,0.011093014606727208,False,0.5
2024-01-16,deterioration,74,0,54,0,4,0,0,,0.34659123,0.48879126,0,,True,
2024-01-17,deterioration,69,0,56,0,4,0,0,,0.3557392,0.5142663,0,,True,
2024-01-20,deterioration,97,0,97,0,5,0,0,,0.41191202,0.5721398,0,,True,
2024-01-21,deterioration,108,0,108,0,6,0,0,,0.41587707,0.56469524,0,,True,
2024-01-22,deterioration,130,0,130,0,7,0,0,,0.43202558,0.61745363,0,,True,
2024-01-23,deterioration,161,0,160,0,9,0,0,,0.38310122,0.62484014,0,,True,
2024-01-24,deterioration,143,0,142,0,8,0,0,,0.37891045,0.5779626,0,,True,
2024-01-27,deterioration,136,0,136,0,7,0,0,,0.40683118,0.5733164,0,,True,
2024-01-28,recovery_negative,120,120,120,120,6,6,6,0.54772747,0.43959382,0.5817914,0,-0.046771584035464664,False,0.0
2024-01-29,recovery_negative,126,126,126,126,7,7,7,0.4997836,0.39137718,0.55640125,2,-0.009457606828816864,False,0.2857142857142857
2024-01-30,recovery_negative,142,142,139,139,8,8,8,0.52575886,0.37129122,0.58985394,5,0.06288724970023177,False,0.625
2024-01-31,recovery_negative,131,131,131,131,7,7,7,0.5126707,0.38901863,0.57215595,4,0.02420542802483894,False,0.5714285714285714
2024-02-03,recovery_negative,129,129,129,129,7,7,7,0.54684913,0.43331397,0.5548479,4,0.06176170755448845,False,0.5714285714285714
2024-02-04,deterioration,138,0,137,0,7,0,0,,0.37750965,0.5177666,0,,True,
2024-02-05,recovery_negative,125,125,125,125,7,7,7,0.5013858,0.40187645,0.55018616,7,0.10595553638313546,False,1.0
2024-02-06,recovery_negative,124,124,109,109,7,7,7,0.46968028,0.37221453,0.5218971,4,0.037128172407269476,False,0.5714285714285714
2024-02-07,recovery_negative,117,117,74,74,6,6,6,0.44511443,0.32549837,0.46207157,3,0.02412433970065372,False,0.5
2024-02-10,recovery_negative,125,125,104,104,7,7,7,0.46720594,0.3644968,0.47978857,6,0.12031911908363124,False,0.8571428571428571
2024-02-12,deterioration,136,0,136,0,7,0,0,,0.40442508,0.61101156,0,,True,
2024-02-13,deterioration,135,0,120,0,7,0,0,,0.3738439,0.55551195,0,,True,
2024-02-14,deterioration,141,0,141,0,8,0,0,,0.3854706,0.58437943,0,,True,
2024-02-17,deterioration,156,0,153,0,8,0,0,,0.37637958,0.5653871,0,,True,
2024-02-18,deterioration,145,0,135,0,8,0,0,,0.37515083,0.48542467,0,,True,
2024-02-19,recovery_negative,142,142,142,142,8,8,8,0.54374754,0.418008,0.5885318,3,0.0033815081642458063,False,0.375
2024-02-20,recovery_negative,150,150,89,89,8,8,8,0.452381,0.32437262,0.4656379,0,-0.10300688038581847,False,0.0
2024-02-21,recovery_negative,160,160,160,160,8,8,8,0.5200865,0.42658925,0.5629099,0,-0.08159015671737731,False,0.0
2024-02-24,recovery_negative,157,157,157,157,8,8,8,0.5368944,0.42989737,0.61484766,2,-0.05989329820560185,False,0.25
2024-02-26,deterioration,161,0,161,0,9,0,0,,0.4663583,0.6440568,0,,True,
2024-02-27,deterioration,151,0,151,0,8,0,0,,0.42277226,0.58171636,0,,True,
2024-02-28,deterioration,148,0,148,0,8,0,0,,0.49091062,0.621069,0,,True,
2024-03-02,recovery_negative,144,144,144,144,8,8,8,0.5549349,0.42577747,0.5677043,3,0.03924377177879032,False,0.375
2024-03-03,recovery_negative,127,127,127,127,7,7,7,0.63725555,0.55789524,0.64711726,2,-0.010284441939413339,False,0.2857142857142857
2024-03-04,recovery_negative,138,138,138,138,7,7,7,0.58127207,0.49636945,0.6260115,3,-0.041000050666564467,False,0.42857142857142855
2024-03-05,recovery_negative,127,127,127,127,7,7,7,0.6831952,0.5574195,0.68695635,3,0.02498629264260055,False,0.42857142857142855
2024-03-06,recovery_negative,128,128,128,128,7,7,7,0.6323309,0.5192394,0.63920546,2,-0.03427744553351703,False,0.2857142857142857
2024-03-09,recovery_negative,75,75,75,75,4,4,4,0.54301715,0.4120336,0.57733935,2,0.1298960471199293,False,0.5
2024-03-10,deterioration,124,0,124,0,7,0,0,,0.40516934,0.5708581,0,,True,
2024-03-11,deterioration,134,0,78,0,7,0,0,,0.34909442,0.48466235,0,,True,
2024-03-12,deterioration,132,0,132,0,7,0,0,,0.39472705,0.5679704,0,,True,
2024-03-13,deterioration,131,0,131,0,7,0,0,,0.4205881,0.56531376,0,,True,
2024-03-16,deterioration,127,0,127,0,7,0,0,,0.4224473,0.5382925,0,,True,
2024-03-17,deterioration,122,0,122,0,7,0,0,,0.42935157,0.5549316,0,,True,
2024-03-18,recovery_negative,124,124,124,124,7,7,7,0.56979537,0.46542883,0.5835212,1,-0.06068940024054335,False,0.14285714285714285
2024-03-24,recovery_positive,111,111,111,111,6,6,6,0.5648803,0.48595715,0.5746183,1,-0.05717969864908224,False,0.16666666666666666
2024-03-25,recovery_positive,115,115,115,115,6,6,6,0.6899093,0.55988455,0.69794875,1,-0.06619369833240135,False,0.16666666666666666
2024-03-26,recovery_positive,120,120,120,120,6,6,6,0.619284,0.5145143,0.6310096,0,-0.11743405506065861,False,0.0
2024-03-27,recovery_positive,128,128,128,128,7,7,7,0.6704662,0.57809544,0.6734901,1,-0.09852473337740004,False,0.14285714285714285
2024-03-30,recovery_positive,138,138,138,138,7,7,7,0.5898996,0.4721041,0.6047544,2,-0.010863123641143835,False,0.2857142857142857
2024-04-02,deterioration,155,0,155,0,8,0,0,,0.430204,0.5540876,0,,True,
2024-04-03,deterioration,158,0,158,0,8,0,0,,0.43367875,0.59918356,0,,True,
2024-04-06,deterioration,179,0,179,0,9,0,0,,0.41188827,0.61371243,0,,True,
2024-04-07,deterioration,167,0,157,0,9,0,0,,0.36580634,0.5777023,0,,True,
2024-04-08,deterioration,165,0,165,0,9,0,0,,0.41034362,0.5405105,0,,True,
2024-04-09,deterioration,157,0,94,0,8,0,0,,0.33834773,0.4685189,0,,True,
2024-04-13,deterioration,138,0,138,0,7,0,0,,0.407794,0.59384984,0,,True,
2024-04-14,recovery_negative,138,138,64,64,7,7,7,0.4811492,0.3101733,0.5099597,3,0.03728451325299076,False,0.42857142857142855
2024-04-15,recovery_negative,162,162,134,134,9,9,9,0.47568187,0.35675254,0.49215946,3,0.0404973102637573,False,0.3333333333333333
2024-04-16,deterioration,161,0,46,0,9,0,0,,0.26749742,0.4447597,0,,True,
2024-04-17,deterioration,156,0,27,0,8,0,0,,0.26640373,0.4520823,0,,True,
2024-04-20,recovery_negative,152,152,152,152,8,8,8,0.5199296,0.40992144,0.53145057,1,-0.08804321763203007,False,0.125
2024-04-21,recovery_negative,142,142,142,142,8,8,8,0.63890576,0.4544199,0.65133345,0,-0.14440789473684212,False,0.0
2024-04-22,recovery_negative,129,129,129,129,7,7,7,0.6266579,0.48344722,0.6431126,1,-0.0963137797923982,False,0.14285714285714285
2024-04-23,recovery_negative,111,111,111,111,6,6,6,0.5700452,0.46493477,0.5862165,0,-0.15,False,0.0
2024-04-24,recovery_positive,110,110,110,110,6,6,6,0.64902604,0.49420103,0.6590826,1,-0.002515038373781378,False,0.16666666666666666
2024-04-27,recovery_negative,103,103,103,103,6,6,6,0.55389684,0.40748078,0.58044714,1,0.015968863529921398,False,0.16666666666666666
2024-04-28,deterioration,135,0,66,0,7,0,0,,0.27998063,0.4961345,0,,True,
2024-04-29,deterioration,135,0,46,0,7,0,0,,0.28537706,0.5039504,0,,True,
2024-04-30,deterioration,153,0,72,0,8,0,0,,0.29249766,0.51066715,0,,True,
2024-05-01,deterioration,133,0,18,0,7,0,0,,0.26459947,0.4543307,0,,True,
2024-05-05,deterioration,147,0,36,0,8,0,0,,0.26161015,0.47419596,0,,True,
2024-05-06,deterioration,159,0,147,0,8,0,0,,0.36033607,0.51422817,0,,True,
2024-05-07,deterioration,151,0,120,0,8,0,0,,0.3475675,0.502629,0,,True,
2024-05-08,deterioration,145,0,124,0,8,0,0,,0.3506479,0.5370155,0,,True,
2024-05-11,deterioration,151,0,147,0,8,0,0,,0.35208103,0.5695676,0,,True,
2024-05-12,deterioration,153,0,153,0,8,0,0,,0.4168182,0.596381,0,,True,
2024-05-13,deterioration,135,0,135,0,7,0,0,,0.409597,0.5882189,0,,True,
2024-05-14,deterioration,134,0,133,0,7,0,0,,0.380796,0.564268,0,,True,
2024-05-15,deterioration,136,0,136,0,7,0,0,,0.41895312,0.5927106,0,,True,
2024-05-18,deterioration,133,0,133,0,7,0,0,,0.4180282,0.57006645,0,,True,
2024-05-19,deterioration,112,0,112,0,6,0,0,,0.42824703,0.58603877,0,,True,
2024-05-21,deterioration,105,0,62,0,6,0,0,,0.32830876,0.47967064,0,,True,
2024-05-25,deterioration,100,0,92,0,5,0,0,,0.36012742,0.5490277,0,,True,
2024-05-26,broad_decline,94,0,60,0,5,0,0,,0.3067075,0.54002094,0,,True,
2024-05-27,broad_decline,90,0,67,0,5,0,0,,0.30848527,0.58581114,0,,True,
2024-05-28,deterioration,104,0,102,0,6,0,0,,0.3722145,0.57577485,0,,True,
2024-05-29,deterioration,110,0,109,0,6,0,0,,0.37602472,0.5387526,0,,True,
2024-06-01,recovery_negative,98,98,94,94,5,5,5,0.5180296,0.3662107,0.5334627,1,-0.01749125866970891,False,0.2
2024-06-02,recovery_negative,87,87,76,76,5,5,5,0.50767183,0.3474952,0.51918185,1,-0.07344383167586752,False,0.2
2024-06-05,recovery_negative,83,83,74,74,5,5,5,0.51504505,0.34840962,0.5191545,2,-0.017823934105002624,False,0.4
2024-06-08,broad_decline,83,0,61,0,5,0,0,,0.3211564,0.53550434,0,,True,
2024-06-09,deterioration,77,0,70,0,4,0,0,,0.33315924,0.5517665,0,,True,
2024-06-10,deterioration,79,0,79,0,4,0,0,,0.39440823,0.5390389,0,,True,
2024-06-11,deterioration,87,0,76,0,5,0,0,,0.35697675,0.51486385,0,,True,
2024-06-12,recovery_negative,79,79,74,74,4,4,4,0.5413019,0.3374011,0.5549882,0,-0.11520585738539896,False,0.0
2024-06-15,broad_decline,79,0,69,0,4,0,0,,0.334555,0.54243016,0,,True,
2024-06-16,broad_decline,87,0,75,0,5,0,0,,0.32537118,0.5787058,0,,True,
2024-06-18,broad_decline,80,0,74,0,4,0,0,,0.3405575,0.534956,0,,True,
2024-06-19,deterioration,86,0,78,0,5,0,0,,0.3302032,0.52575165,0,,True,
2024-06-22,recovery_negative,76,76,64,64,4,4,4,0.5075866,0.3245633,0.52210253,2,0.015056058806058883,False,0.5
2024-06-23,recovery_negative,74,74,74,74,4,4,4,0.50345933,0.3870374,0.5321985,2,0.033576947595430076,False,0.5
2024-06-24,recovery_negative,79,79,79,79,4,4,4,0.5251891,0.4247751,0.54323846,3,0.1938649998122259,False,0.75
2024-06-26,recovery_negative,90,90,90,90,5,5,5,0.5979312,0.47673896,0.60118705,2,0.015964288205529736,False,0.4
2024-06-29,recovery_negative,85,85,85,85,5,5,5,0.60213345,0.49590418,0.6321325,0,-0.12135324866596615,False,0.0
2024-06-30,recovery_negative,76,76,76,76,4,4,4,0.58814013,0.49487266,0.6011794,2,0.07161455170696032,False,0.5
2024-07-01,recovery_negative,76,76,76,76,4,4,4,0.5714053,0.4765321,0.60463434,2,0.009281120849969585,False,0.5
2024-07-02,recovery_negative,77,77,77,77,4,4,4,0.60149145,0.52399534,0.6035367,2,0.05190259225500585,False,0.5
2024-07-03,recovery_negative,83,83,83,83,5,5,5,0.6002192,0.50825244,0.62244797,2,-0.01844563084836079,False,0.4
2024-07-06,recovery_negative,89,89,89,89,5,5,5,0.6469022,0.5337047,0.6539645,0,-0.11957661431164779,False,0.0
2024-07-07,recovery_negative,86,86,86,86,5,5,5,0.6725932,0.5621864,0.68774295,1,-0.07742190578125241,False,0.2
2024-07-08,recovery_negative,90,90,90,90,5,5,5,0.62429523,0.52892894,0.6332286,0,-0.09154517754882605,False,0.0
2024-07-09,recovery_negative,90,90,90,90,5,5,5,0.62537557,0.52054965,0.6303986,0,-0.11269959570679114,False,0.0
2024-07-10,recovery_negative,91,91,91,91,5,5,5,0.5974072,0.50323653,0.60347664,2,0.0032919827748048858,False,0.4
2024-07-13,deterioration,97,0,97,0,5,0,0,,0.4730036,0.6006085,0,,True,
2024-07-14,deterioration,105,0,105,0,6,0,0,,0.46125942,0.5663281,0,,True,
2024-07-17,deterioration,94,0,94,0,5,0,0,,0.45544928,0.5747885,0,,True,
2024-07-20,deterioration,93,0,93,0,5,0,0,,0.43648455,0.5999698,0,,True,
2024-07-21,deterioration,108,0,108,0,6,0,0,,0.428355,0.61483246,0,,True,
2024-07-22,deterioration,110,0,110,0,6,0,0,,0.4309899,0.57827824,0,,True,
2024-07-23,deterioration,111,0,111,0,6,0,0,,0.43503258,0.5719476,0,,True,
2024-07-24,deterioration,114,0,114,0,6,0,0,,0.4343502,0.56874615,0,,True,
2024-07-27,deterioration,138,0,138,0,7,0,0,,0.43152866,0.5805308,0,,True,
2024-07-29,deterioration,143,0,143,0,8,0,0,,0.44347847,0.64327085,0,,True,
2024-07-30,deterioration,151,0,151,0,8,0,0,,0.416811,0.60942674,0,,True,
2024-07-31,deterioration,105,0,105,0,6,0,0,,0.38555428,0.5941987,0,,True,
2024-08-03,deterioration,61,0,61,0,4,0,0,,0.38808164,0.59441036,0,,True,
2024-08-04,deterioration,54,0,44,0,3,0,0,,0.33834842,0.52847147,0,,True,
2024-08-05,deterioration,34,0,27,0,2,0,0,,0.35069472,0.5365887,0,,True,
2024-08-06,deterioration,30,0,30,0,2,0,0,,0.44320396,0.5917811,0,,True,
2024-08-10,deterioration,29,0,26,0,2,0,0,,0.36284268,0.54791164,0,,True,
2024-08-11,recovery_negative,31,31,29,29,2,2,2,0.5489354,0.357318,0.56093097,2,0.2713204328588944,False,1.0
2024-08-12,deterioration,32,0,30,0,2,0,0,,0.3773709,0.5791171,0,,True,
2024-08-13,deterioration,35,0,33,0,2,0,0,,0.34613574,0.56799716,0,,True,
2024-08-14,recovery_negative,32,32,31,31,2,2,2,0.53190017,0.37326518,0.53788996,2,0.23850943787090406,False,1.0
2024-08-17,recovery_negative,27,27,27,27,2,2,2,0.515417,0.40447494,0.52220786,2,0.23460610248755687,False,1.0
2024-08-18,recovery_negative,28,28,28,28,2,2,2,0.562114,0.448087,0.5638271,1,0.02818828091339949,False,0.5
2024-08-19,recovery_negative,30,30,26,26,2,2,2,0.49391901,0.36905307,0.49502006,2,0.19659044165721828,False,1.0
2024-08-20,recovery_negative,26,26,24,24,2,2,2,0.49168563,0.34777278,0.5001788,2,0.17584360871352245,False,1.0
2024-08-21,recovery_negative,23,23,22,22,2,2,2,0.47650892,0.3288338,0.48349002,2,0.20156157934563823,False,1.0
2024-08-24,recovery_negative,21,21,21,21,2,2,2,0.5184712,0.390431,0.5228116,2,0.24584189154760316,False,1.0
2024-08-26,recovery_negative,17,17,17,17,1,1,1,0.49651012,0.41754535,0.49651012,1,0.21417797888386114,False,1.0
2024-08-27,recovery_negative,17,17,16,16,1,1,1,0.5030064,0.38310033,0.5030064,1,0.2348615916955017,False,1.0
2024-08-28,recovery_negative,19,19,19,19,1,1,1,0.550844,0.44010523,0.550844,1,0.1612377850162865,False,1.0
2024-08-31,recovery_negative,16,16,16,16,1,1,1,0.57988447,0.47842795,0.57988447,1,0.2663410969196094,False,1.0
2024-09-01,recovery_positive,15,15,15,15,1,1,1,0.6008055,0.4712213,0.6008055,1,0.25222882615156017,False,1.0
2024-09-03,recovery_positive,15,15,15,15,1,1,1,0.5019584,0.3988798,0.5019584,1,0.22805100182149363,False,1.0
2024-09-07,recovery_positive,11,11,11,11,1,1,1,0.5734254,0.459073,0.5734254,1,0.19243013795542985,False,1.0
2024-09-08,recovery_negative,9,9,7,7,1,1,1,0.4837057,0.3723602,0.4837057,1,0.5430550973276149,False,1.0
2024-09-09,recovery_positive,5,5,5,5,1,1,1,0.5326471,0.44634718,0.5326471,1,0.22904761904761894,False,1.0
2024-09-10,recovery_positive,4,4,4,4,1,1,1,0.49426395,0.4152952,0.49426395,1,0.2566006600660067,False,1.0
2024-09-11,recovery_positive,1,1,1,1,1,1,1,0.46532157,0.46532157,0.46532157,1,0.16309291747888244,False,1.0
